<?xml version="1.0" encoding="UTF-8"?>
<itemContainer xmlns="http://omeka.org/schemas/omeka-xml/v5" xmlns:xsi="http://www.w3.org/2001/XMLSchema-instance" xsi:schemaLocation="http://omeka.org/schemas/omeka-xml/v5 http://omeka.org/schemas/omeka-xml/v5/omeka-xml-5-0.xsd" uri="https://nycyogastudiosarchive.omeka.net/admin/items/browse?collection=15&amp;output=omeka-xml" accessDate="2023-09-06T11:07:29-04:00">
  <miscellaneousContainer>
    <pagination>
      <pageNumber>1</pageNumber>
      <perPage>50</perPage>
      <totalResults>4</totalResults>
    </pagination>
  </miscellaneousContainer>
  <item itemId="146" public="1" featured="0">
    <fileContainer>
      <file fileId="417">
        <src>https://s3.amazonaws.com/omeka-net/70764/archive/files/e307aabae681379a99b9ddd67e0f715c.JPG?AWSAccessKeyId=AKIAI3ATG3OSQLO5HGKA&amp;Expires=1694649600&amp;Signature=PoAIFzu0MMHy6ZX8%2FbpxeJpQZqU%3D</src>
        <authentication>f2755e8d3725348dce3f03c5de509d2a</authentication>
      </file>
    </fileContainer>
    <collection collectionId="15">
      <elementSetContainer>
        <elementSet elementSetId="1">
          <name>Dublin Core</name>
          <description>The Dublin Core metadata element set is common to all Omeka records, including items, files, and collections. For more information see, http://dublincore.org/documents/dces/.</description>
          <elementContainer>
            <element elementId="50">
              <name>Title</name>
              <description>A name given to the resource</description>
              <elementTextContainer>
                <elementText elementTextId="52">
                  <text>Bronx Yoga</text>
                </elementText>
              </elementTextContainer>
            </element>
            <element elementId="38">
              <name>Coverage</name>
              <description>The spatial or temporal topic of the resource, the spatial applicability of the resource, or the jurisdiction under which the resource is relevant</description>
              <elementTextContainer>
                <elementText elementTextId="53">
                  <text>Bronx County</text>
                </elementText>
              </elementTextContainer>
            </element>
            <element elementId="37">
              <name>Contributor</name>
              <description>An entity responsible for making contributions to the resource</description>
              <elementTextContainer>
                <elementText elementTextId="933">
                  <text>NYC Yoga Studios Archive</text>
                </elementText>
              </elementTextContainer>
            </element>
            <element elementId="42">
              <name>Format</name>
              <description>The file format, physical medium, or dimensions of the resource</description>
              <elementTextContainer>
                <elementText elementTextId="937">
                  <text>In Person</text>
                </elementText>
              </elementTextContainer>
            </element>
          </elementContainer>
        </elementSet>
      </elementSetContainer>
    </collection>
    <elementSetContainer>
      <elementSet elementSetId="1">
        <name>Dublin Core</name>
        <description>The Dublin Core metadata element set is common to all Omeka records, including items, files, and collections. For more information see, http://dublincore.org/documents/dces/.</description>
        <elementContainer>
          <element elementId="50">
            <name>Title</name>
            <description>A name given to the resource</description>
            <elementTextContainer>
              <elementText elementTextId="711">
                <text>Yoga For Bliss at The Riverdale Senior Center</text>
              </elementText>
            </elementTextContainer>
          </element>
          <element elementId="37">
            <name>Contributor</name>
            <description>An entity responsible for making contributions to the resource</description>
            <elementTextContainer>
              <elementText elementTextId="712">
                <text>NYC Yoga Studios Archive</text>
              </elementText>
            </elementTextContainer>
          </element>
          <element elementId="38">
            <name>Coverage</name>
            <description>The spatial or temporal topic of the resource, the spatial applicability of the resource, or the jurisdiction under which the resource is relevant</description>
            <elementTextContainer>
              <elementText elementTextId="713">
                <text>Riverdale</text>
              </elementText>
            </elementTextContainer>
          </element>
          <element elementId="40">
            <name>Date</name>
            <description>A point or period of time associated with an event in the lifecycle of the resource</description>
            <elementTextContainer>
              <elementText elementTextId="714">
                <text>Date Established:</text>
              </elementText>
            </elementTextContainer>
          </element>
          <element elementId="42">
            <name>Format</name>
            <description>The file format, physical medium, or dimensions of the resource</description>
            <elementTextContainer>
              <elementText elementTextId="715">
                <text>&lt;ul&gt;&lt;li&gt;In Person&lt;/li&gt;
&lt;li&gt;Live Stream&lt;/li&gt;
&lt;/ul&gt;</text>
              </elementText>
            </elementTextContainer>
          </element>
          <element elementId="51">
            <name>Type</name>
            <description>The nature or genre of the resource</description>
            <elementTextContainer>
              <elementText elementTextId="716">
                <text>&lt;ul&gt;&lt;li&gt;Hatha Yoga&lt;/li&gt;
&lt;li&gt;Chair &amp;amp; Therapeutic Yoga&lt;/li&gt;
&lt;li&gt;Iyengar&lt;/li&gt;
&lt;li&gt;Meditation&lt;/li&gt;
&lt;li&gt;Yoga for Joint Health&lt;/li&gt;
&lt;/ul&gt;</text>
              </elementText>
            </elementTextContainer>
          </element>
          <element elementId="43">
            <name>Identifier</name>
            <description>An unambiguous reference to the resource within a given context</description>
            <elementTextContainer>
              <elementText elementTextId="717">
                <text>&lt;a href="http://www.yogaforbliss.net/"&gt;http://www.yogaforbliss.net/&lt;/a&gt;</text>
              </elementText>
            </elementTextContainer>
          </element>
          <element elementId="41">
            <name>Description</name>
            <description>An account of the resource</description>
            <elementTextContainer>
              <elementText elementTextId="2732">
                <text>The permanent on site class location is at at community center.</text>
              </elementText>
            </elementTextContainer>
          </element>
        </elementContainer>
      </elementSet>
    </elementSetContainer>
    <tagContainer>
      <tag tagId="77">
        <name>Bronx Yoga</name>
      </tag>
      <tag tagId="26">
        <name>Chair Yoga</name>
      </tag>
      <tag tagId="29">
        <name>Iyengar™️</name>
      </tag>
    </tagContainer>
  </item>
  <item itemId="132" public="1" featured="0">
    <fileContainer>
      <file fileId="905">
        <src>https://s3.amazonaws.com/omeka-net/70764/archive/files/ed52d5ccb260b76c86d0568adf29978a.jpeg?AWSAccessKeyId=AKIAI3ATG3OSQLO5HGKA&amp;Expires=1694649600&amp;Signature=fuDaX8Ock0lUGLqLcxlT0AgR4hg%3D</src>
        <authentication>1b26d891fea3f47c29eef6e4a727a120</authentication>
      </file>
    </fileContainer>
    <collection collectionId="15">
      <elementSetContainer>
        <elementSet elementSetId="1">
          <name>Dublin Core</name>
          <description>The Dublin Core metadata element set is common to all Omeka records, including items, files, and collections. For more information see, http://dublincore.org/documents/dces/.</description>
          <elementContainer>
            <element elementId="50">
              <name>Title</name>
              <description>A name given to the resource</description>
              <elementTextContainer>
                <elementText elementTextId="52">
                  <text>Bronx Yoga</text>
                </elementText>
              </elementTextContainer>
            </element>
            <element elementId="38">
              <name>Coverage</name>
              <description>The spatial or temporal topic of the resource, the spatial applicability of the resource, or the jurisdiction under which the resource is relevant</description>
              <elementTextContainer>
                <elementText elementTextId="53">
                  <text>Bronx County</text>
                </elementText>
              </elementTextContainer>
            </element>
            <element elementId="37">
              <name>Contributor</name>
              <description>An entity responsible for making contributions to the resource</description>
              <elementTextContainer>
                <elementText elementTextId="933">
                  <text>NYC Yoga Studios Archive</text>
                </elementText>
              </elementTextContainer>
            </element>
            <element elementId="42">
              <name>Format</name>
              <description>The file format, physical medium, or dimensions of the resource</description>
              <elementTextContainer>
                <elementText elementTextId="937">
                  <text>In Person</text>
                </elementText>
              </elementTextContainer>
            </element>
          </elementContainer>
        </elementSet>
      </elementSetContainer>
    </collection>
    <elementSetContainer>
      <elementSet elementSetId="1">
        <name>Dublin Core</name>
        <description>The Dublin Core metadata element set is common to all Omeka records, including items, files, and collections. For more information see, http://dublincore.org/documents/dces/.</description>
        <elementContainer>
          <element elementId="50">
            <name>Title</name>
            <description>A name given to the resource</description>
            <elementTextContainer>
              <elementText elementTextId="608">
                <text>Sweet Water Dance and Yoga</text>
              </elementText>
            </elementTextContainer>
          </element>
          <element elementId="37">
            <name>Contributor</name>
            <description>An entity responsible for making contributions to the resource</description>
            <elementTextContainer>
              <elementText elementTextId="609">
                <text>NYC Yoga Studios Archive</text>
              </elementText>
            </elementTextContainer>
          </element>
          <element elementId="38">
            <name>Coverage</name>
            <description>The spatial or temporal topic of the resource, the spatial applicability of the resource, or the jurisdiction under which the resource is relevant</description>
            <elementTextContainer>
              <elementText elementTextId="610">
                <text>Concourse, Bronx</text>
              </elementText>
            </elementTextContainer>
          </element>
          <element elementId="39">
            <name>Creator</name>
            <description>An entity primarily responsible for making the resource</description>
            <elementTextContainer>
              <elementText elementTextId="611">
                <text>Yosara Trujillo</text>
              </elementText>
            </elementTextContainer>
          </element>
          <element elementId="40">
            <name>Date</name>
            <description>A point or period of time associated with an event in the lifecycle of the resource</description>
            <elementTextContainer>
              <elementText elementTextId="612">
                <text>Date Brand and Location Established: September 2014</text>
              </elementText>
            </elementTextContainer>
          </element>
          <element elementId="42">
            <name>Format</name>
            <description>The file format, physical medium, or dimensions of the resource</description>
            <elementTextContainer>
              <elementText elementTextId="613">
                <text>&lt;ul&gt;&lt;li&gt;In Person&lt;/li&gt;
&lt;li&gt;Live Stream&lt;/li&gt;
&lt;/ul&gt;</text>
              </elementText>
            </elementTextContainer>
          </element>
          <element elementId="44">
            <name>Language</name>
            <description>A language of the resource</description>
            <elementTextContainer>
              <elementText elementTextId="614">
                <text>English</text>
              </elementText>
            </elementTextContainer>
          </element>
          <element elementId="51">
            <name>Type</name>
            <description>The nature or genre of the resource</description>
            <elementTextContainer>
              <elementText elementTextId="615">
                <text>&lt;ul&gt;&lt;li class="header-nav-folder-item"&gt;&lt;span class="header-nav-folder-item-content"&gt;Yoga&lt;/span&gt;&lt;/li&gt;
&lt;li class="header-nav-folder-item"&gt;&lt;span class="header-nav-folder-item-content"&gt;Dance&lt;/span&gt;&lt;/li&gt;
&lt;li class="header-nav-folder-item"&gt;&lt;span class="header-nav-folder-item-content"&gt;Boot Camp&lt;/span&gt;&lt;/li&gt;
&lt;li class="header-nav-folder-item"&gt;&lt;span class="header-nav-folder-item-content"&gt;Private Sessions&lt;/span&gt;&lt;/li&gt;
&lt;li class="header-nav-folder-item"&gt;&lt;span class="header-nav-folder-item-content"&gt;Yoga Teacher Training&lt;/span&gt;&lt;/li&gt;
&lt;li class="header-nav-folder-item"&gt;&lt;span class="header-nav-folder-item-content"&gt;Kids Summer Program&lt;/span&gt;&lt;/li&gt;
&lt;li class="header-nav-folder-item"&gt;Meditation&lt;/li&gt;
&lt;li class="header-nav-folder-item"&gt;Hatha&lt;/li&gt;
&lt;li class="header-nav-folder-item"&gt;Breath work&lt;/li&gt;
&lt;li class="header-nav-folder-item"&gt;Vinyasa&lt;/li&gt;
&lt;/ul&gt;</text>
              </elementText>
            </elementTextContainer>
          </element>
          <element elementId="43">
            <name>Identifier</name>
            <description>An unambiguous reference to the resource within a given context</description>
            <elementTextContainer>
              <elementText elementTextId="616">
                <text>&lt;a href="https://www.sweetwaterdanceandyoga.com"&gt;https://www.sweetwaterdanceandyoga.com&lt;/a&gt;</text>
              </elementText>
            </elementTextContainer>
          </element>
          <element elementId="48">
            <name>Source</name>
            <description>A related resource from which the described resource is derived</description>
            <elementTextContainer>
              <elementText elementTextId="2042">
                <text>&lt;a href="https://www.instagram.com/swdythebronx/"&gt;https://www.instagram.com/swdythebronx/&lt;/a&gt;</text>
              </elementText>
            </elementTextContainer>
          </element>
          <element elementId="46">
            <name>Relation</name>
            <description>A related resource</description>
            <elementTextContainer>
              <elementText elementTextId="2043">
                <text>876 Gerard Ave. Bronx, NY. Streeteasy.com. &lt;a href="https://streeteasy.com/building/101-east-161-street-bronx"&gt;https://streeteasy.com/building/101-east-161-street-bronx&lt;/a&gt;</text>
              </elementText>
            </elementTextContainer>
          </element>
        </elementContainer>
      </elementSet>
    </elementSetContainer>
    <tagContainer>
      <tag tagId="47">
        <name>Breath Work</name>
      </tag>
      <tag tagId="77">
        <name>Bronx Yoga</name>
      </tag>
      <tag tagId="20">
        <name>Community &amp; Donation Based Classes</name>
      </tag>
      <tag tagId="16">
        <name>Female Owned</name>
      </tag>
      <tag tagId="36">
        <name>Live Stream</name>
      </tag>
      <tag tagId="34">
        <name>Meditation</name>
      </tag>
      <tag tagId="25">
        <name>Pre-Pandemic</name>
      </tag>
    </tagContainer>
  </item>
  <item itemId="115" public="1" featured="0">
    <fileContainer>
      <file fileId="318">
        <src>https://s3.amazonaws.com/omeka-net/70764/archive/files/f7986b2aff04e81220befdcc028c95f1.JPG?AWSAccessKeyId=AKIAI3ATG3OSQLO5HGKA&amp;Expires=1694649600&amp;Signature=uca2bs60YojSb%2F8stzZabhS9Edw%3D</src>
        <authentication>f2755e8d3725348dce3f03c5de509d2a</authentication>
      </file>
    </fileContainer>
    <collection collectionId="15">
      <elementSetContainer>
        <elementSet elementSetId="1">
          <name>Dublin Core</name>
          <description>The Dublin Core metadata element set is common to all Omeka records, including items, files, and collections. For more information see, http://dublincore.org/documents/dces/.</description>
          <elementContainer>
            <element elementId="50">
              <name>Title</name>
              <description>A name given to the resource</description>
              <elementTextContainer>
                <elementText elementTextId="52">
                  <text>Bronx Yoga</text>
                </elementText>
              </elementTextContainer>
            </element>
            <element elementId="38">
              <name>Coverage</name>
              <description>The spatial or temporal topic of the resource, the spatial applicability of the resource, or the jurisdiction under which the resource is relevant</description>
              <elementTextContainer>
                <elementText elementTextId="53">
                  <text>Bronx County</text>
                </elementText>
              </elementTextContainer>
            </element>
            <element elementId="37">
              <name>Contributor</name>
              <description>An entity responsible for making contributions to the resource</description>
              <elementTextContainer>
                <elementText elementTextId="933">
                  <text>NYC Yoga Studios Archive</text>
                </elementText>
              </elementTextContainer>
            </element>
            <element elementId="42">
              <name>Format</name>
              <description>The file format, physical medium, or dimensions of the resource</description>
              <elementTextContainer>
                <elementText elementTextId="937">
                  <text>In Person</text>
                </elementText>
              </elementTextContainer>
            </element>
          </elementContainer>
        </elementSet>
      </elementSetContainer>
    </collection>
    <elementSetContainer>
      <elementSet elementSetId="1">
        <name>Dublin Core</name>
        <description>The Dublin Core metadata element set is common to all Omeka records, including items, files, and collections. For more information see, http://dublincore.org/documents/dces/.</description>
        <elementContainer>
          <element elementId="50">
            <name>Title</name>
            <description>A name given to the resource</description>
            <elementTextContainer>
              <elementText elementTextId="517">
                <text>One Yoga For All</text>
              </elementText>
            </elementTextContainer>
          </element>
          <element elementId="37">
            <name>Contributor</name>
            <description>An entity responsible for making contributions to the resource</description>
            <elementTextContainer>
              <elementText elementTextId="518">
                <text>NY Yoga Studios Archive</text>
              </elementText>
            </elementTextContainer>
          </element>
          <element elementId="43">
            <name>Identifier</name>
            <description>An unambiguous reference to the resource within a given context</description>
            <elementTextContainer>
              <elementText elementTextId="519">
                <text>&lt;a href="https://oneyogaforall.com/"&gt;https://oneyogaforall.com/&lt;/a&gt;</text>
              </elementText>
            </elementTextContainer>
          </element>
          <element elementId="38">
            <name>Coverage</name>
            <description>The spatial or temporal topic of the resource, the spatial applicability of the resource, or the jurisdiction under which the resource is relevant</description>
            <elementTextContainer>
              <elementText elementTextId="2220">
                <text>Riverdale</text>
              </elementText>
            </elementTextContainer>
          </element>
          <element elementId="39">
            <name>Creator</name>
            <description>An entity primarily responsible for making the resource</description>
            <elementTextContainer>
              <elementText elementTextId="2221">
                <text>Eduvigis Marmolejos</text>
              </elementText>
            </elementTextContainer>
          </element>
          <element elementId="40">
            <name>Date</name>
            <description>A point or period of time associated with an event in the lifecycle of the resource</description>
            <elementTextContainer>
              <elementText elementTextId="2222">
                <text>Date Established:  2016</text>
              </elementText>
            </elementTextContainer>
          </element>
          <element elementId="48">
            <name>Source</name>
            <description>A related resource from which the described resource is derived</description>
            <elementTextContainer>
              <elementText elementTextId="2223">
                <text>&lt;a href="https://www.instagram.com/oneyogaforall/"&gt;https://www.instagram.com/oneyogaforall/&lt;/a&gt;</text>
              </elementText>
            </elementTextContainer>
          </element>
          <element elementId="42">
            <name>Format</name>
            <description>The file format, physical medium, or dimensions of the resource</description>
            <elementTextContainer>
              <elementText elementTextId="2224">
                <text>&lt;ul&gt;&lt;li&gt;In Person&lt;/li&gt;
&lt;li&gt;Live Stream&lt;/li&gt;
&lt;/ul&gt;</text>
              </elementText>
            </elementTextContainer>
          </element>
          <element elementId="51">
            <name>Type</name>
            <description>The nature or genre of the resource</description>
            <elementTextContainer>
              <elementText elementTextId="2225">
                <text>&lt;ul&gt;&lt;li&gt;Stretch &amp;amp; Strengthen&lt;/li&gt;
&lt;li&gt;Om Flow&lt;/li&gt;
&lt;li&gt;Meditation Yoga Nidra&lt;/li&gt;
&lt;li&gt;Gentle Hatha&lt;/li&gt;
&lt;li&gt;Sound Bath meditation&lt;/li&gt;
&lt;li&gt;Hatha&lt;/li&gt;
&lt;li&gt;cOMmUNITY Yoga&lt;/li&gt;
&lt;/ul&gt;</text>
              </elementText>
            </elementTextContainer>
          </element>
        </elementContainer>
      </elementSet>
    </elementSetContainer>
    <tagContainer>
      <tag tagId="15">
        <name>Black Owned</name>
      </tag>
      <tag tagId="77">
        <name>Bronx Yoga</name>
      </tag>
      <tag tagId="20">
        <name>Community &amp; Donation Based Classes</name>
      </tag>
      <tag tagId="16">
        <name>Female Owned</name>
      </tag>
      <tag tagId="21">
        <name>Teacher Training</name>
      </tag>
      <tag tagId="51">
        <name>Yoga Nidra</name>
      </tag>
    </tagContainer>
  </item>
  <item itemId="78" public="1" featured="1">
    <fileContainer>
      <file fileId="947">
        <src>https://s3.amazonaws.com/omeka-net/70764/archive/files/b582271fe179fde1dad24b37626c8f05.jpeg?AWSAccessKeyId=AKIAI3ATG3OSQLO5HGKA&amp;Expires=1694649600&amp;Signature=xxeG8FitTopF%2Fi7Sik6frlkLSfE%3D</src>
        <authentication>1b26d891fea3f47c29eef6e4a727a120</authentication>
      </file>
    </fileContainer>
    <collection collectionId="15">
      <elementSetContainer>
        <elementSet elementSetId="1">
          <name>Dublin Core</name>
          <description>The Dublin Core metadata element set is common to all Omeka records, including items, files, and collections. For more information see, http://dublincore.org/documents/dces/.</description>
          <elementContainer>
            <element elementId="50">
              <name>Title</name>
              <description>A name given to the resource</description>
              <elementTextContainer>
                <elementText elementTextId="52">
                  <text>Bronx Yoga</text>
                </elementText>
              </elementTextContainer>
            </element>
            <element elementId="38">
              <name>Coverage</name>
              <description>The spatial or temporal topic of the resource, the spatial applicability of the resource, or the jurisdiction under which the resource is relevant</description>
              <elementTextContainer>
                <elementText elementTextId="53">
                  <text>Bronx County</text>
                </elementText>
              </elementTextContainer>
            </element>
            <element elementId="37">
              <name>Contributor</name>
              <description>An entity responsible for making contributions to the resource</description>
              <elementTextContainer>
                <elementText elementTextId="933">
                  <text>NYC Yoga Studios Archive</text>
                </elementText>
              </elementTextContainer>
            </element>
            <element elementId="42">
              <name>Format</name>
              <description>The file format, physical medium, or dimensions of the resource</description>
              <elementTextContainer>
                <elementText elementTextId="937">
                  <text>In Person</text>
                </elementText>
              </elementTextContainer>
            </element>
          </elementContainer>
        </elementSet>
      </elementSetContainer>
    </collection>
    <itemType itemTypeId="13">
      <name>Interactive Resource</name>
      <description>A resource requiring interaction from the user to be understood, executed, or experienced. Examples include forms on Web pages, applets, multimedia learning objects, chat services, or virtual reality environments.</description>
    </itemType>
    <elementSetContainer>
      <elementSet elementSetId="1">
        <name>Dublin Core</name>
        <description>The Dublin Core metadata element set is common to all Omeka records, including items, files, and collections. For more information see, http://dublincore.org/documents/dces/.</description>
        <elementContainer>
          <element elementId="50">
            <name>Title</name>
            <description>A name given to the resource</description>
            <elementTextContainer>
              <elementText elementTextId="318">
                <text>Bronx Yoga Lab</text>
              </elementText>
            </elementTextContainer>
          </element>
          <element elementId="37">
            <name>Contributor</name>
            <description>An entity responsible for making contributions to the resource</description>
            <elementTextContainer>
              <elementText elementTextId="319">
                <text>NYC Yoga Studios Archive</text>
              </elementText>
            </elementTextContainer>
          </element>
          <element elementId="43">
            <name>Identifier</name>
            <description>An unambiguous reference to the resource within a given context</description>
            <elementTextContainer>
              <elementText elementTextId="320">
                <text>&lt;a href="https://www.bronxyogalab.com/"&gt;https://www.bronxyogalab.com/&lt;/a&gt;</text>
              </elementText>
            </elementTextContainer>
          </element>
          <element elementId="38">
            <name>Coverage</name>
            <description>The spatial or temporal topic of the resource, the spatial applicability of the resource, or the jurisdiction under which the resource is relevant</description>
            <elementTextContainer>
              <elementText elementTextId="939">
                <text>West Bronx</text>
              </elementText>
            </elementTextContainer>
          </element>
          <element elementId="39">
            <name>Creator</name>
            <description>An entity primarily responsible for making the resource</description>
            <elementTextContainer>
              <elementText elementTextId="940">
                <text>Donne Presinal and Kerry Donegan</text>
              </elementText>
            </elementTextContainer>
          </element>
          <element elementId="40">
            <name>Date</name>
            <description>A point or period of time associated with an event in the lifecycle of the resource</description>
            <elementTextContainer>
              <elementText elementTextId="941">
                <text>Date Brand &amp; Location Established: </text>
              </elementText>
            </elementTextContainer>
          </element>
          <element elementId="48">
            <name>Source</name>
            <description>A related resource from which the described resource is derived</description>
            <elementTextContainer>
              <elementText elementTextId="942">
                <text>&lt;a href="https://instagram.com/bronxyogalab"&gt;https://instagram.com/bronxyogalab&lt;/a&gt;</text>
              </elementText>
            </elementTextContainer>
          </element>
          <element elementId="42">
            <name>Format</name>
            <description>The file format, physical medium, or dimensions of the resource</description>
            <elementTextContainer>
              <elementText elementTextId="943">
                <text>In Person</text>
              </elementText>
            </elementTextContainer>
          </element>
          <element elementId="51">
            <name>Type</name>
            <description>The nature or genre of the resource</description>
            <elementTextContainer>
              <elementText elementTextId="944">
                <text>&lt;ul&gt;&lt;li&gt;Hatha 26&amp;amp;2&lt;/li&gt;
&lt;li&gt;&lt;span&gt;HIIT&lt;/span&gt;&lt;/li&gt;
&lt;li&gt;&lt;span&gt;Vinyasa&lt;/span&gt;&lt;/li&gt;
&lt;li&gt;&lt;span&gt;Yin&lt;/span&gt;&lt;/li&gt;
&lt;li&gt;&lt;span&gt;Meditation&lt;/span&gt;&lt;/li&gt;
&lt;li&gt;&lt;span&gt;Hot &amp;amp; Heated&lt;/span&gt;&lt;/li&gt;
&lt;/ul&gt;</text>
              </elementText>
            </elementTextContainer>
          </element>
          <element elementId="46">
            <name>Relation</name>
            <description>A related resource</description>
            <elementTextContainer>
              <elementText elementTextId="945">
                <text>&lt;span&gt;Open BXRx Tuesday | Bronx Yoga Lab. Sonyi Lopez Interviews Dionne Presinal, Co-Founder of Bronx Yoga Lab, with Kerry Donegan. Bronxnet. February 9, 2021. &lt;a href="https://www.bronxnet.org/watch/videos/11752/"&gt;https://www.bronxnet.org/watch/videos/11752/&lt;/a&gt;&lt;/span&gt;&lt;br /&gt;&lt;br /&gt;“5500 Broadway, Bronx, NY 10463.” 5500 Broadway, Bronx - Owner Information, Sales, Taxes. Accessed January 11, 2023. &lt;a href="https://www.propertyshark.com/mason/Property/61265/5500-Broadway-Bronx-NY-10463"&gt;https://www.propertyshark.com/mason/Property/61265/5500-Broadway-Bronx-NY-10463&lt;/a&gt;/.</text>
              </elementText>
            </elementTextContainer>
          </element>
          <element elementId="41">
            <name>Description</name>
            <description>An account of the resource</description>
            <elementTextContainer>
              <elementText elementTextId="2605">
                <text>One of the only yoga studios in the Bronx that hosts an abundance of classes and spreads good vibes.</text>
              </elementText>
            </elementTextContainer>
          </element>
        </elementContainer>
      </elementSet>
    </elementSetContainer>
    <tagContainer>
      <tag tagId="15">
        <name>Black Owned</name>
      </tag>
      <tag tagId="77">
        <name>Bronx Yoga</name>
      </tag>
      <tag tagId="16">
        <name>Female Owned</name>
      </tag>
      <tag tagId="23">
        <name>Hot &amp;  Heated Yoga</name>
      </tag>
      <tag tagId="25">
        <name>Pre-Pandemic</name>
      </tag>
    </tagContainer>
  </item>
</itemContainer>
