<?xml version="1.0" encoding="UTF-8"?>
<itemContainer xmlns="http://omeka.org/schemas/omeka-xml/v5" xmlns:xsi="http://www.w3.org/2001/XMLSchema-instance" xsi:schemaLocation="http://omeka.org/schemas/omeka-xml/v5 http://omeka.org/schemas/omeka-xml/v5/omeka-xml-5-0.xsd" uri="https://nycyogastudiosarchive.omeka.net/admin/items/browse?collection=18&amp;output=omeka-xml" accessDate="2023-09-06T11:05:55-04:00">
  <miscellaneousContainer>
    <pagination>
      <pageNumber>1</pageNumber>
      <perPage>50</perPage>
      <totalResults>2</totalResults>
    </pagination>
  </miscellaneousContainer>
  <item itemId="233" public="1" featured="0">
    <fileContainer>
      <file fileId="579">
        <src>https://s3.amazonaws.com/omeka-net/70764/archive/files/59bfafba83a6a1714c0c23bb6c934027.JPG?AWSAccessKeyId=AKIAI3ATG3OSQLO5HGKA&amp;Expires=1694649600&amp;Signature=Eqk6KljjPo6A3Fl3rwgWIsKEFEE%3D</src>
        <authentication>18d31c9a13ec8ee4ec1559d8f627d2f9</authentication>
      </file>
    </fileContainer>
    <collection collectionId="18">
      <elementSetContainer>
        <elementSet elementSetId="1">
          <name>Dublin Core</name>
          <description>The Dublin Core metadata element set is common to all Omeka records, including items, files, and collections. For more information see, http://dublincore.org/documents/dces/.</description>
          <elementContainer>
            <element elementId="50">
              <name>Title</name>
              <description>A name given to the resource</description>
              <elementTextContainer>
                <elementText elementTextId="3045">
                  <text>Pre-Pandemic Closures</text>
                </elementText>
              </elementTextContainer>
            </element>
          </elementContainer>
        </elementSet>
      </elementSetContainer>
    </collection>
    <itemType itemTypeId="13">
      <name>Interactive Resource</name>
      <description>A resource requiring interaction from the user to be understood, executed, or experienced. Examples include forms on Web pages, applets, multimedia learning objects, chat services, or virtual reality environments.</description>
    </itemType>
    <elementSetContainer>
      <elementSet elementSetId="1">
        <name>Dublin Core</name>
        <description>The Dublin Core metadata element set is common to all Omeka records, including items, files, and collections. For more information see, http://dublincore.org/documents/dces/.</description>
        <elementContainer>
          <element elementId="50">
            <name>Title</name>
            <description>A name given to the resource</description>
            <elementTextContainer>
              <elementText elementTextId="2179">
                <text>Jivamukti™️</text>
              </elementText>
            </elementTextContainer>
          </element>
          <element elementId="37">
            <name>Contributor</name>
            <description>An entity responsible for making contributions to the resource</description>
            <elementTextContainer>
              <elementText elementTextId="2185">
                <text>NYC Yoga Studios Archive</text>
              </elementText>
            </elementTextContainer>
          </element>
          <element elementId="39">
            <name>Creator</name>
            <description>An entity primarily responsible for making the resource</description>
            <elementTextContainer>
              <elementText elementTextId="2186">
                <text>Sharon Gannon and David Life</text>
              </elementText>
            </elementTextContainer>
          </element>
          <element elementId="40">
            <name>Date</name>
            <description>A point or period of time associated with an event in the lifecycle of the resource</description>
            <elementTextContainer>
              <elementText elementTextId="2187">
                <text>Date Brand Established:&#13;
Date Location Established:&#13;
Date Location Closed: December 2019</text>
              </elementText>
            </elementTextContainer>
          </element>
          <element elementId="51">
            <name>Type</name>
            <description>The nature or genre of the resource</description>
            <elementTextContainer>
              <elementText elementTextId="2188">
                <text>&lt;ul&gt;&lt;li&gt;Jivamukti™️&lt;/li&gt;
&lt;li&gt;Teacher Training&lt;/li&gt;
&lt;/ul&gt;</text>
              </elementText>
            </elementTextContainer>
          </element>
          <element elementId="43">
            <name>Identifier</name>
            <description>An unambiguous reference to the resource within a given context</description>
            <elementTextContainer>
              <elementText elementTextId="2189">
                <text>&lt;a href="https://jivamuktiyoga.com"&gt;https://jivamuktiyoga.com&lt;/a&gt;</text>
              </elementText>
            </elementTextContainer>
          </element>
          <element elementId="42">
            <name>Format</name>
            <description>The file format, physical medium, or dimensions of the resource</description>
            <elementTextContainer>
              <elementText elementTextId="2756">
                <text>&lt;ul&gt;&lt;li&gt;In Person&lt;/li&gt;
&lt;li&gt;On Demand&lt;/li&gt;
&lt;/ul&gt;</text>
              </elementText>
            </elementTextContainer>
          </element>
          <element elementId="38">
            <name>Coverage</name>
            <description>The spatial or temporal topic of the resource, the spatial applicability of the resource, or the jurisdiction under which the resource is relevant</description>
            <elementTextContainer>
              <elementText elementTextId="3196">
                <text>Union Square</text>
              </elementText>
            </elementTextContainer>
          </element>
          <element elementId="41">
            <name>Description</name>
            <description>An account of the resource</description>
            <elementTextContainer>
              <elementText elementTextId="3197">
                <text>One out of two pre-pandemic listings included in this study, at large due to the significance of this studio and it's impact on NYC Yoga.</text>
              </elementText>
            </elementTextContainer>
          </element>
          <element elementId="47">
            <name>Rights</name>
            <description>Information about rights held in and over the resource</description>
            <elementTextContainer>
              <elementText elementTextId="3198">
                <text>&lt;p&gt;&lt;a href="https://jivamuktiyoga.com/studio-notice/"&gt;&lt;b&gt;https://jivamuktiyoga.com/studio-notice/&lt;/b&gt;&lt;/a&gt;&lt;/p&gt;</text>
              </elementText>
            </elementTextContainer>
          </element>
          <element elementId="46">
            <name>Relation</name>
            <description>A related resource</description>
            <elementTextContainer>
              <elementText elementTextId="3199">
                <text>&lt;p&gt;&lt;span&gt;“The End of an Era for NYC Yoga,” &lt;i&gt;Yoga Journal&lt;/i&gt;, September 2, 2021. &lt;a href="https://www.yogajournal.com/yoga-101/types-of-yoga/jivamukti/its-the-end-of-an-era-for-nyc-yoga"&gt;https://www.yogajournal.com/yoga-101/types-of-yoga/jivamukti/its-the-end-of-an-era-for-nyc-yoga&lt;/a&gt;/.&lt;/span&gt;&lt;/p&gt;</text>
              </elementText>
            </elementTextContainer>
          </element>
          <element elementId="44">
            <name>Language</name>
            <description>A language of the resource</description>
            <elementTextContainer>
              <elementText elementTextId="3200">
                <text>English&#13;
</text>
              </elementText>
            </elementTextContainer>
          </element>
        </elementContainer>
      </elementSet>
    </elementSetContainer>
    <tagContainer>
      <tag tagId="37">
        <name>Closed Yoga Studios</name>
      </tag>
      <tag tagId="16">
        <name>Female Owned</name>
      </tag>
      <tag tagId="73">
        <name>Jivamukti™️</name>
      </tag>
      <tag tagId="36">
        <name>Live Stream</name>
      </tag>
      <tag tagId="39">
        <name>On Demand</name>
      </tag>
      <tag tagId="70">
        <name>Pre-COVID Closure</name>
      </tag>
      <tag tagId="25">
        <name>Pre-Pandemic</name>
      </tag>
      <tag tagId="21">
        <name>Teacher Training</name>
      </tag>
    </tagContainer>
  </item>
  <item itemId="15" public="1" featured="0">
    <fileContainer>
      <file fileId="841">
        <src>https://s3.amazonaws.com/omeka-net/70764/archive/files/b60bbfb17eb957b089d4bdd7018f255e.jpg?AWSAccessKeyId=AKIAI3ATG3OSQLO5HGKA&amp;Expires=1694649600&amp;Signature=Asj1SGHxIO9HOhGqsAVGpv6fc9U%3D</src>
        <authentication>b9fe963e484c6315bf321e7be199dbf0</authentication>
      </file>
    </fileContainer>
    <collection collectionId="18">
      <elementSetContainer>
        <elementSet elementSetId="1">
          <name>Dublin Core</name>
          <description>The Dublin Core metadata element set is common to all Omeka records, including items, files, and collections. For more information see, http://dublincore.org/documents/dces/.</description>
          <elementContainer>
            <element elementId="50">
              <name>Title</name>
              <description>A name given to the resource</description>
              <elementTextContainer>
                <elementText elementTextId="3045">
                  <text>Pre-Pandemic Closures</text>
                </elementText>
              </elementTextContainer>
            </element>
          </elementContainer>
        </elementSet>
      </elementSetContainer>
    </collection>
    <itemType itemTypeId="13">
      <name>Interactive Resource</name>
      <description>A resource requiring interaction from the user to be understood, executed, or experienced. Examples include forms on Web pages, applets, multimedia learning objects, chat services, or virtual reality environments.</description>
    </itemType>
    <elementSetContainer>
      <elementSet elementSetId="1">
        <name>Dublin Core</name>
        <description>The Dublin Core metadata element set is common to all Omeka records, including items, files, and collections. For more information see, http://dublincore.org/documents/dces/.</description>
        <elementContainer>
          <element elementId="50">
            <name>Title</name>
            <description>A name given to the resource</description>
            <elementTextContainer>
              <elementText elementTextId="91">
                <text>Brahman (Midtown)</text>
              </elementText>
            </elementTextContainer>
          </element>
          <element elementId="37">
            <name>Contributor</name>
            <description>An entity responsible for making contributions to the resource</description>
            <elementTextContainer>
              <elementText elementTextId="92">
                <text>NYC Yoga Studios Archive</text>
              </elementText>
            </elementTextContainer>
          </element>
          <element elementId="38">
            <name>Coverage</name>
            <description>The spatial or temporal topic of the resource, the spatial applicability of the resource, or the jurisdiction under which the resource is relevant</description>
            <elementTextContainer>
              <elementText elementTextId="93">
                <text>Midtown</text>
              </elementText>
            </elementTextContainer>
          </element>
          <element elementId="39">
            <name>Creator</name>
            <description>An entity primarily responsible for making the resource</description>
            <elementTextContainer>
              <elementText elementTextId="922">
                <text>Ella Jane New and Matt Wells</text>
              </elementText>
            </elementTextContainer>
          </element>
          <element elementId="42">
            <name>Format</name>
            <description>The file format, physical medium, or dimensions of the resource</description>
            <elementTextContainer>
              <elementText elementTextId="923">
                <text>In Person</text>
              </elementText>
            </elementTextContainer>
          </element>
          <element elementId="44">
            <name>Language</name>
            <description>A language of the resource</description>
            <elementTextContainer>
              <elementText elementTextId="924">
                <text>English</text>
              </elementText>
            </elementTextContainer>
          </element>
          <element elementId="51">
            <name>Type</name>
            <description>The nature or genre of the resource</description>
            <elementTextContainer>
              <elementText elementTextId="925">
                <text>&lt;ul&gt;&lt;li&gt;Open level yoga&lt;/li&gt;
&lt;li&gt;Beginners&lt;/li&gt;
&lt;li&gt;Advanced&lt;/li&gt;
&lt;/ul&gt;</text>
              </elementText>
            </elementTextContainer>
          </element>
          <element elementId="43">
            <name>Identifier</name>
            <description>An unambiguous reference to the resource within a given context</description>
            <elementTextContainer>
              <elementText elementTextId="926">
                <text>&lt;a href="https://www.brahmanyoganyc.com/"&gt;https://www.brahmanyoganyc.com/&lt;/a&gt;</text>
              </elementText>
            </elementTextContainer>
          </element>
          <element elementId="40">
            <name>Date</name>
            <description>A point or period of time associated with an event in the lifecycle of the resource</description>
            <elementTextContainer>
              <elementText elementTextId="1507">
                <text>Date Location Established: 2014 (to be confirmed)&#13;
Date Location Closed: January 2020</text>
              </elementText>
            </elementTextContainer>
          </element>
          <element elementId="48">
            <name>Source</name>
            <description>A related resource from which the described resource is derived</description>
            <elementTextContainer>
              <elementText elementTextId="1508">
                <text>&lt;a href="https://www.instagram.com/brahmanyoganyc/?hl=en"&gt;https://www.instagram.com/brahmanyoganyc/&lt;/a&gt;</text>
              </elementText>
            </elementTextContainer>
          </element>
          <element elementId="41">
            <name>Description</name>
            <description>An account of the resource</description>
            <elementTextContainer>
              <elementText elementTextId="3083">
                <text>This was formerly related to a studio that has now transferred ownerships and changed names, "Updog Studios," and closed moments before the pandemic.</text>
              </elementText>
            </elementTextContainer>
          </element>
        </elementContainer>
      </elementSet>
    </elementSetContainer>
    <tagContainer>
      <tag tagId="16">
        <name>Female Owned</name>
      </tag>
      <tag tagId="70">
        <name>Pre-COVID Closure</name>
      </tag>
      <tag tagId="25">
        <name>Pre-Pandemic</name>
      </tag>
    </tagContainer>
  </item>
</itemContainer>
