<?xml version="1.0" encoding="UTF-8"?>
<itemContainer xmlns="http://omeka.org/schemas/omeka-xml/v5" xmlns:xsi="http://www.w3.org/2001/XMLSchema-instance" xsi:schemaLocation="http://omeka.org/schemas/omeka-xml/v5 http://omeka.org/schemas/omeka-xml/v5/omeka-xml-5-0.xsd" uri="https://nycyogastudiosarchive.omeka.net/admin/items/browse?collection=13&amp;output=omeka-xml" accessDate="2023-09-06T11:08:11-04:00">
  <miscellaneousContainer>
    <pagination>
      <pageNumber>1</pageNumber>
      <perPage>50</perPage>
      <totalResults>10</totalResults>
    </pagination>
  </miscellaneousContainer>
  <item itemId="298" public="1" featured="0">
    <fileContainer>
      <file fileId="761" order="1">
        <src>https://s3.amazonaws.com/omeka-net/70764/archive/files/b9ec1f1735a361a8d7ca64b5a3cbd9bc.jpeg?AWSAccessKeyId=AKIAI3ATG3OSQLO5HGKA&amp;Expires=1694649600&amp;Signature=wV30zTC3El4el8%2BXVDVMeIUIOsc%3D</src>
        <authentication>1b26d891fea3f47c29eef6e4a727a120</authentication>
      </file>
      <file fileId="760" order="2">
        <src>https://s3.amazonaws.com/omeka-net/70764/archive/files/e7820540d1546ae19654f49884f48df8.jpg?AWSAccessKeyId=AKIAI3ATG3OSQLO5HGKA&amp;Expires=1694649600&amp;Signature=PyCRtxYvrGntA8LybBn9cAPikpM%3D</src>
        <authentication>97105bc44655cb9b925aec1cdf12a978</authentication>
      </file>
    </fileContainer>
    <collection collectionId="13">
      <elementSetContainer>
        <elementSet elementSetId="1">
          <name>Dublin Core</name>
          <description>The Dublin Core metadata element set is common to all Omeka records, including items, files, and collections. For more information see, http://dublincore.org/documents/dces/.</description>
          <elementContainer>
            <element elementId="50">
              <name>Title</name>
              <description>A name given to the resource</description>
              <elementTextContainer>
                <elementText elementTextId="48">
                  <text>Queens Yoga</text>
                </elementText>
              </elementTextContainer>
            </element>
            <element elementId="38">
              <name>Coverage</name>
              <description>The spatial or temporal topic of the resource, the spatial applicability of the resource, or the jurisdiction under which the resource is relevant</description>
              <elementTextContainer>
                <elementText elementTextId="49">
                  <text>Queens County</text>
                </elementText>
              </elementTextContainer>
            </element>
          </elementContainer>
        </elementSet>
      </elementSetContainer>
    </collection>
    <itemType itemTypeId="13">
      <name>Interactive Resource</name>
      <description>A resource requiring interaction from the user to be understood, executed, or experienced. Examples include forms on Web pages, applets, multimedia learning objects, chat services, or virtual reality environments.</description>
    </itemType>
    <elementSetContainer>
      <elementSet elementSetId="1">
        <name>Dublin Core</name>
        <description>The Dublin Core metadata element set is common to all Omeka records, including items, files, and collections. For more information see, http://dublincore.org/documents/dces/.</description>
        <elementContainer>
          <element elementId="50">
            <name>Title</name>
            <description>A name given to the resource</description>
            <elementTextContainer>
              <elementText elementTextId="2606">
                <text>Daya Yoga Studio</text>
              </elementText>
            </elementTextContainer>
          </element>
          <element elementId="38">
            <name>Coverage</name>
            <description>The spatial or temporal topic of the resource, the spatial applicability of the resource, or the jurisdiction under which the resource is relevant</description>
            <elementTextContainer>
              <elementText elementTextId="2607">
                <text>Ridgewood</text>
              </elementText>
            </elementTextContainer>
          </element>
          <element elementId="41">
            <name>Description</name>
            <description>An account of the resource</description>
            <elementTextContainer>
              <elementText elementTextId="2608">
                <text>Daya was seen leading classes out at Rockaway beach in 2020-2021. They have since re-opened in 2 new locations after closing this beloved location. The owner continues to host an abundance of classes with multiple teachers with open and loving arms for the Bushwick and Ridgewood community. </text>
              </elementText>
            </elementTextContainer>
          </element>
          <element elementId="40">
            <name>Date</name>
            <description>A point or period of time associated with an event in the lifecycle of the resource</description>
            <elementTextContainer>
              <elementText elementTextId="2609">
                <text>Date Brand Established: 2005&#13;
Date Location Established: 2023</text>
              </elementText>
            </elementTextContainer>
          </element>
          <element elementId="48">
            <name>Source</name>
            <description>A related resource from which the described resource is derived</description>
            <elementTextContainer>
              <elementText elementTextId="2610">
                <text>&lt;a href="https://www.instagram.com/dayayogastudio/"&gt;https://www.instagram.com/dayayogastudio/&lt;/a&gt;</text>
              </elementText>
            </elementTextContainer>
          </element>
          <element elementId="42">
            <name>Format</name>
            <description>The file format, physical medium, or dimensions of the resource</description>
            <elementTextContainer>
              <elementText elementTextId="2611">
                <text>&lt;ul&gt;&lt;li&gt;In Person&lt;/li&gt;
&lt;li&gt;On Demand&lt;/li&gt;
&lt;/ul&gt;</text>
              </elementText>
            </elementTextContainer>
          </element>
          <element elementId="46">
            <name>Relation</name>
            <description>A related resource</description>
            <elementTextContainer>
              <elementText elementTextId="2612">
                <text>&lt;pre&gt;&lt;span style="color:#0000ff;font-family:Arial;font-size:small;"&gt;"1019 Seneca Ave, Ridgewood Queens, NY." Accessed July 21, 2023.&lt;em&gt; Compass.com&lt;/em&gt;. &lt;br /&gt;&lt;a href="https://www.compass.com/listing/1019-seneca-avenue-queens-ny-11385/29100315252978945/"&gt;https://www.compass.com/listing/1019-seneca-avenue-queens-ny-11385/29100315252978945/&lt;/a&gt;&lt;/span&gt;&lt;/pre&gt;</text>
              </elementText>
            </elementTextContainer>
          </element>
          <element elementId="51">
            <name>Type</name>
            <description>The nature or genre of the resource</description>
            <elementTextContainer>
              <elementText elementTextId="2613">
                <text>&lt;ul&gt;&lt;li&gt;Teacher Training&lt;/li&gt;
&lt;li&gt;Power Hour&lt;/li&gt;
&lt;li&gt;Meridian Vinyasa&lt;/li&gt;
&lt;li&gt;Sound and Restore&lt;/li&gt;
&lt;li&gt;Get Up and Flow&lt;/li&gt;
&lt;li&gt;Community Class&lt;/li&gt;
&lt;li&gt;Kundalini&lt;/li&gt;
&lt;li&gt;Dynamic Flow&lt;/li&gt;
&lt;li&gt;Ashtanga Inspired&lt;/li&gt;
&lt;li&gt;Yin Yang Flow Nidra/Mantra&lt;/li&gt;
&lt;li&gt;Sacred Geometry Yoga&lt;/li&gt;
&lt;li&gt;Beginners Yoga&lt;/li&gt;
&lt;li&gt;Yin Yoga&lt;/li&gt;
&lt;li&gt;Strong Flow&lt;/li&gt;
&lt;li&gt;Lunar Vinyasa&lt;/li&gt;
&lt;/ul&gt;</text>
              </elementText>
            </elementTextContainer>
          </element>
          <element elementId="43">
            <name>Identifier</name>
            <description>An unambiguous reference to the resource within a given context</description>
            <elementTextContainer>
              <elementText elementTextId="2614">
                <text>&lt;a href="https://www.dayayogastudio.com/"&gt;https://www.dayayogastudio.com/&lt;/a&gt;</text>
              </elementText>
            </elementTextContainer>
          </element>
          <element elementId="37">
            <name>Contributor</name>
            <description>An entity responsible for making contributions to the resource</description>
            <elementTextContainer>
              <elementText elementTextId="3040">
                <text>NYC Yoga Studios Archive</text>
              </elementText>
            </elementTextContainer>
          </element>
          <element elementId="44">
            <name>Language</name>
            <description>A language of the resource</description>
            <elementTextContainer>
              <elementText elementTextId="3041">
                <text>English</text>
              </elementText>
            </elementTextContainer>
          </element>
        </elementContainer>
      </elementSet>
    </elementSetContainer>
    <tagContainer>
      <tag tagId="20">
        <name>Community &amp; Donation Based Classes</name>
      </tag>
      <tag tagId="16">
        <name>Female Owned</name>
      </tag>
      <tag tagId="31">
        <name>Kundalini™️</name>
      </tag>
      <tag tagId="58">
        <name>New Location</name>
      </tag>
      <tag tagId="33">
        <name>Post-Pandemic</name>
      </tag>
      <tag tagId="80">
        <name>Queens Yoga</name>
      </tag>
      <tag tagId="21">
        <name>Teacher Training</name>
      </tag>
    </tagContainer>
  </item>
  <item itemId="236" public="1" featured="0">
    <fileContainer>
      <file fileId="817">
        <src>https://s3.amazonaws.com/omeka-net/70764/archive/files/209413bcffc8b237136fb41d95e6d05c.jpeg?AWSAccessKeyId=AKIAI3ATG3OSQLO5HGKA&amp;Expires=1694649600&amp;Signature=kMAZzLII8UdtqZT7rdBtiFb6rds%3D</src>
        <authentication>1b26d891fea3f47c29eef6e4a727a120</authentication>
      </file>
    </fileContainer>
    <collection collectionId="13">
      <elementSetContainer>
        <elementSet elementSetId="1">
          <name>Dublin Core</name>
          <description>The Dublin Core metadata element set is common to all Omeka records, including items, files, and collections. For more information see, http://dublincore.org/documents/dces/.</description>
          <elementContainer>
            <element elementId="50">
              <name>Title</name>
              <description>A name given to the resource</description>
              <elementTextContainer>
                <elementText elementTextId="48">
                  <text>Queens Yoga</text>
                </elementText>
              </elementTextContainer>
            </element>
            <element elementId="38">
              <name>Coverage</name>
              <description>The spatial or temporal topic of the resource, the spatial applicability of the resource, or the jurisdiction under which the resource is relevant</description>
              <elementTextContainer>
                <elementText elementTextId="49">
                  <text>Queens County</text>
                </elementText>
              </elementTextContainer>
            </element>
          </elementContainer>
        </elementSet>
      </elementSetContainer>
    </collection>
    <itemType itemTypeId="13">
      <name>Interactive Resource</name>
      <description>A resource requiring interaction from the user to be understood, executed, or experienced. Examples include forms on Web pages, applets, multimedia learning objects, chat services, or virtual reality environments.</description>
    </itemType>
    <elementSetContainer>
      <elementSet elementSetId="1">
        <name>Dublin Core</name>
        <description>The Dublin Core metadata element set is common to all Omeka records, including items, files, and collections. For more information see, http://dublincore.org/documents/dces/.</description>
        <elementContainer>
          <element elementId="50">
            <name>Title</name>
            <description>A name given to the resource</description>
            <elementTextContainer>
              <elementText elementTextId="2252">
                <text>Sacred Space Astoria</text>
              </elementText>
            </elementTextContainer>
          </element>
          <element elementId="37">
            <name>Contributor</name>
            <description>An entity responsible for making contributions to the resource</description>
            <elementTextContainer>
              <elementText elementTextId="2253">
                <text>NYC Yoga Studios Archive</text>
              </elementText>
            </elementTextContainer>
          </element>
          <element elementId="38">
            <name>Coverage</name>
            <description>The spatial or temporal topic of the resource, the spatial applicability of the resource, or the jurisdiction under which the resource is relevant</description>
            <elementTextContainer>
              <elementText elementTextId="2254">
                <text>Astoria</text>
              </elementText>
            </elementTextContainer>
          </element>
          <element elementId="40">
            <name>Date</name>
            <description>A point or period of time associated with an event in the lifecycle of the resource</description>
            <elementTextContainer>
              <elementText elementTextId="2255">
                <text>Date Established:&#13;
</text>
              </elementText>
            </elementTextContainer>
          </element>
          <element elementId="48">
            <name>Source</name>
            <description>A related resource from which the described resource is derived</description>
            <elementTextContainer>
              <elementText elementTextId="2256">
                <text>&lt;a href="https://www.instagram.com/sacredspace_astoria/"&gt;https://www.instagram.com/sacredspace_astoria/&lt;/a&gt;</text>
              </elementText>
            </elementTextContainer>
          </element>
          <element elementId="42">
            <name>Format</name>
            <description>The file format, physical medium, or dimensions of the resource</description>
            <elementTextContainer>
              <elementText elementTextId="2257">
                <text>&lt;ul&gt;&lt;li&gt;In Person&lt;/li&gt;
&lt;li&gt;Live Stream&lt;/li&gt;
&lt;/ul&gt;</text>
              </elementText>
            </elementTextContainer>
          </element>
          <element elementId="46">
            <name>Relation</name>
            <description>A related resource</description>
            <elementTextContainer>
              <elementText elementTextId="2258">
                <text>29-05 21st Ave., Ditmars NY. Compass.com &lt;a href="https://www.compass.com/building/29-05-21st-ave-queens-ny-11105/293531805246673765/"&gt;https://www.compass.com/building/29-05-21st-ave-queens-ny-11105/293531805246673765/&lt;/a&gt;</text>
              </elementText>
            </elementTextContainer>
          </element>
          <element elementId="43">
            <name>Identifier</name>
            <description>An unambiguous reference to the resource within a given context</description>
            <elementTextContainer>
              <elementText elementTextId="2259">
                <text>&lt;a href="https://www.sacredspaceastoria.com/"&gt;https://www.sacredspaceastoria.com/&lt;/a&gt;</text>
              </elementText>
            </elementTextContainer>
          </element>
          <element elementId="39">
            <name>Creator</name>
            <description>An entity primarily responsible for making the resource</description>
            <elementTextContainer>
              <elementText elementTextId="2260">
                <text>Kim Alexandrescu</text>
              </elementText>
            </elementTextContainer>
          </element>
          <element elementId="44">
            <name>Language</name>
            <description>A language of the resource</description>
            <elementTextContainer>
              <elementText elementTextId="2261">
                <text>English</text>
              </elementText>
            </elementTextContainer>
          </element>
          <element elementId="51">
            <name>Type</name>
            <description>The nature or genre of the resource</description>
            <elementTextContainer>
              <elementText elementTextId="2262">
                <text>&lt;ul&gt;&lt;li&gt;Prenatal&lt;/li&gt;
&lt;li&gt;Level 1, 2, and 3 Vinyasa&lt;/li&gt;
&lt;li&gt;Restorative Yoga Flow&lt;/li&gt;
&lt;li&gt;Open Level&lt;/li&gt;
&lt;li&gt;Urban Zen Restorative Yoga&lt;/li&gt;
&lt;li&gt;Sound Healing / Bath&lt;/li&gt;
&lt;/ul&gt;</text>
              </elementText>
            </elementTextContainer>
          </element>
          <element elementId="47">
            <name>Rights</name>
            <description>Information about rights held in and over the resource</description>
            <elementTextContainer>
              <elementText elementTextId="3220">
                <text>The use of their class titles  might be copyrighted. Please seek as much research as possible before every using anyone else's class title.</text>
              </elementText>
            </elementTextContainer>
          </element>
        </elementContainer>
      </elementSet>
    </elementSetContainer>
    <tagContainer>
      <tag tagId="16">
        <name>Female Owned</name>
      </tag>
      <tag tagId="25">
        <name>Pre-Pandemic</name>
      </tag>
      <tag tagId="80">
        <name>Queens Yoga</name>
      </tag>
      <tag tagId="45">
        <name>Sound Bath</name>
      </tag>
    </tagContainer>
  </item>
  <item itemId="211" public="1" featured="0">
    <fileContainer>
      <file fileId="984" order="1">
        <src>https://s3.amazonaws.com/omeka-net/70764/archive/files/be601b50e378df0a274805bd9be4166d.jpeg?AWSAccessKeyId=AKIAI3ATG3OSQLO5HGKA&amp;Expires=1694649600&amp;Signature=o%2BPGK9lNu2zkbIY7DIUMjmflWZc%3D</src>
        <authentication>1b26d891fea3f47c29eef6e4a727a120</authentication>
      </file>
      <file fileId="554" order="2">
        <src>https://s3.amazonaws.com/omeka-net/70764/archive/files/51200f04cd637866b862df2997a11bd0.jpg?AWSAccessKeyId=AKIAI3ATG3OSQLO5HGKA&amp;Expires=1694649600&amp;Signature=U3Ba3l7O8V9I61p27ySBjkvLELA%3D</src>
        <authentication>748f237718de5acc2bfa5c8960ef1e35</authentication>
      </file>
    </fileContainer>
    <collection collectionId="13">
      <elementSetContainer>
        <elementSet elementSetId="1">
          <name>Dublin Core</name>
          <description>The Dublin Core metadata element set is common to all Omeka records, including items, files, and collections. For more information see, http://dublincore.org/documents/dces/.</description>
          <elementContainer>
            <element elementId="50">
              <name>Title</name>
              <description>A name given to the resource</description>
              <elementTextContainer>
                <elementText elementTextId="48">
                  <text>Queens Yoga</text>
                </elementText>
              </elementTextContainer>
            </element>
            <element elementId="38">
              <name>Coverage</name>
              <description>The spatial or temporal topic of the resource, the spatial applicability of the resource, or the jurisdiction under which the resource is relevant</description>
              <elementTextContainer>
                <elementText elementTextId="49">
                  <text>Queens County</text>
                </elementText>
              </elementTextContainer>
            </element>
          </elementContainer>
        </elementSet>
      </elementSetContainer>
    </collection>
    <itemType itemTypeId="13">
      <name>Interactive Resource</name>
      <description>A resource requiring interaction from the user to be understood, executed, or experienced. Examples include forms on Web pages, applets, multimedia learning objects, chat services, or virtual reality environments.</description>
    </itemType>
    <elementSetContainer>
      <elementSet elementSetId="1">
        <name>Dublin Core</name>
        <description>The Dublin Core metadata element set is common to all Omeka records, including items, files, and collections. For more information see, http://dublincore.org/documents/dces/.</description>
        <elementContainer>
          <element elementId="50">
            <name>Title</name>
            <description>A name given to the resource</description>
            <elementTextContainer>
              <elementText elementTextId="1649">
                <text>Studio Squares</text>
              </elementText>
            </elementTextContainer>
          </element>
          <element elementId="38">
            <name>Coverage</name>
            <description>The spatial or temporal topic of the resource, the spatial applicability of the resource, or the jurisdiction under which the resource is relevant</description>
            <elementTextContainer>
              <elementText elementTextId="1650">
                <text>Flushing</text>
              </elementText>
            </elementTextContainer>
          </element>
          <element elementId="48">
            <name>Source</name>
            <description>A related resource from which the described resource is derived</description>
            <elementTextContainer>
              <elementText elementTextId="2044">
                <text>&lt;a href="https://www.instagram.com/studiosquaresnyc/"&gt;https://www.instagram.com/studiosquaresnyc/&lt;/a&gt;</text>
              </elementText>
            </elementTextContainer>
          </element>
          <element elementId="51">
            <name>Type</name>
            <description>The nature or genre of the resource</description>
            <elementTextContainer>
              <elementText elementTextId="2045">
                <text>&lt;ul&gt;&lt;li&gt;Vinyasa Yoga&lt;/li&gt;
&lt;li&gt;Aerial Yoga&lt;/li&gt;
&lt;/ul&gt;</text>
              </elementText>
            </elementTextContainer>
          </element>
          <element elementId="43">
            <name>Identifier</name>
            <description>An unambiguous reference to the resource within a given context</description>
            <elementTextContainer>
              <elementText elementTextId="2046">
                <text>&lt;a href="http://studiosquares.com"&gt;http://studiosquares.com&lt;/a&gt;</text>
              </elementText>
            </elementTextContainer>
          </element>
          <element elementId="40">
            <name>Date</name>
            <description>A point or period of time associated with an event in the lifecycle of the resource</description>
            <elementTextContainer>
              <elementText elementTextId="2047">
                <text>Date Brand Established:</text>
              </elementText>
            </elementTextContainer>
          </element>
          <element elementId="42">
            <name>Format</name>
            <description>The file format, physical medium, or dimensions of the resource</description>
            <elementTextContainer>
              <elementText elementTextId="2048">
                <text>&lt;ul&gt;&lt;li&gt;In person&lt;/li&gt;
&lt;/ul&gt;</text>
              </elementText>
            </elementTextContainer>
          </element>
          <element elementId="46">
            <name>Relation</name>
            <description>A related resource</description>
            <elementTextContainer>
              <elementText elementTextId="2049">
                <text>165-19 Northern Blvd Flushing, Queens. Compass.com &lt;a href="https://www.compass.com/building/165-19-northern-blvd-queens-ny-11358/293531996540437701/"&gt;https://www.compass.com/building/165-19-northern-blvd-queens-ny-11358/293531996540437701/&lt;/a&gt;.</text>
              </elementText>
            </elementTextContainer>
          </element>
        </elementContainer>
      </elementSet>
    </elementSetContainer>
    <tagContainer>
      <tag tagId="28">
        <name>Aerial</name>
      </tag>
      <tag tagId="80">
        <name>Queens Yoga</name>
      </tag>
    </tagContainer>
  </item>
  <item itemId="192" public="1" featured="0">
    <fileContainer>
      <file fileId="861" order="1">
        <src>https://s3.amazonaws.com/omeka-net/70764/archive/files/52e89ae32e1b97c2813305caaae4a77f.jpeg?AWSAccessKeyId=AKIAI3ATG3OSQLO5HGKA&amp;Expires=1694649600&amp;Signature=1yuJsNsQxScvnjFuYDWwMamGVgA%3D</src>
        <authentication>1b26d891fea3f47c29eef6e4a727a120</authentication>
      </file>
      <file fileId="555" order="2">
        <src>https://s3.amazonaws.com/omeka-net/70764/archive/files/8c7c8e3d5f282d46ce71f646fb77c4d9.jpg?AWSAccessKeyId=AKIAI3ATG3OSQLO5HGKA&amp;Expires=1694649600&amp;Signature=5Fmwz%2FAzFqhwXFbI%2FfqezvCnGS8%3D</src>
        <authentication>05c5547ecad548f11a914e088c0b4b7c</authentication>
      </file>
    </fileContainer>
    <collection collectionId="13">
      <elementSetContainer>
        <elementSet elementSetId="1">
          <name>Dublin Core</name>
          <description>The Dublin Core metadata element set is common to all Omeka records, including items, files, and collections. For more information see, http://dublincore.org/documents/dces/.</description>
          <elementContainer>
            <element elementId="50">
              <name>Title</name>
              <description>A name given to the resource</description>
              <elementTextContainer>
                <elementText elementTextId="48">
                  <text>Queens Yoga</text>
                </elementText>
              </elementTextContainer>
            </element>
            <element elementId="38">
              <name>Coverage</name>
              <description>The spatial or temporal topic of the resource, the spatial applicability of the resource, or the jurisdiction under which the resource is relevant</description>
              <elementTextContainer>
                <elementText elementTextId="49">
                  <text>Queens County</text>
                </elementText>
              </elementTextContainer>
            </element>
          </elementContainer>
        </elementSet>
      </elementSetContainer>
    </collection>
    <itemType itemTypeId="13">
      <name>Interactive Resource</name>
      <description>A resource requiring interaction from the user to be understood, executed, or experienced. Examples include forms on Web pages, applets, multimedia learning objects, chat services, or virtual reality environments.</description>
    </itemType>
    <elementSetContainer>
      <elementSet elementSetId="1">
        <name>Dublin Core</name>
        <description>The Dublin Core metadata element set is common to all Omeka records, including items, files, and collections. For more information see, http://dublincore.org/documents/dces/.</description>
        <elementContainer>
          <element elementId="50">
            <name>Title</name>
            <description>A name given to the resource</description>
            <elementTextContainer>
              <elementText elementTextId="1569">
                <text>The Yoga Room (Astoria)</text>
              </elementText>
            </elementTextContainer>
          </element>
          <element elementId="43">
            <name>Identifier</name>
            <description>An unambiguous reference to the resource within a given context</description>
            <elementTextContainer>
              <elementText elementTextId="1570">
                <text>&lt;a href="https://www.the-yoga-room.com/locations/astoria/"&gt;https://www.the-yoga-room.com/locations/astoria/&lt;/a&gt;</text>
              </elementText>
            </elementTextContainer>
          </element>
          <element elementId="37">
            <name>Contributor</name>
            <description>An entity responsible for making contributions to the resource</description>
            <elementTextContainer>
              <elementText elementTextId="2050">
                <text>NYC Yoga Studios Archive</text>
              </elementText>
            </elementTextContainer>
          </element>
          <element elementId="38">
            <name>Coverage</name>
            <description>The spatial or temporal topic of the resource, the spatial applicability of the resource, or the jurisdiction under which the resource is relevant</description>
            <elementTextContainer>
              <elementText elementTextId="2051">
                <text>Astoria</text>
              </elementText>
            </elementTextContainer>
          </element>
          <element elementId="48">
            <name>Source</name>
            <description>A related resource from which the described resource is derived</description>
            <elementTextContainer>
              <elementText elementTextId="2052">
                <text>&lt;a href="https://www.instagram.com/yogaroomnyc/?hl=en"&gt;https://www.instagram.com/yogaroomnyc/?hl=en&lt;/a&gt;</text>
              </elementText>
            </elementTextContainer>
          </element>
          <element elementId="42">
            <name>Format</name>
            <description>The file format, physical medium, or dimensions of the resource</description>
            <elementTextContainer>
              <elementText elementTextId="2053">
                <text>&lt;ul&gt;&lt;li&gt;In Person&lt;/li&gt;
&lt;/ul&gt;</text>
              </elementText>
            </elementTextContainer>
          </element>
          <element elementId="46">
            <name>Relation</name>
            <description>A related resource</description>
            <elementTextContainer>
              <elementText elementTextId="2054">
                <text>&lt;p&gt;“The Yoga Room Astoria.”&lt;em&gt; NYCgo.com&lt;/em&gt;. &lt;a href="https://www.nycgo.com/sports/the-yoga-room-astoria/"&gt;https://www.nycgo.com/sports/the-yoga-room-astoria/&lt;/a&gt;.&lt;/p&gt;
&lt;br /&gt;"38-01 35th Avenue. Astoria." Compass.com &lt;br /&gt;&lt;a href="https://www.compass.com/building/38-01-35th-ave-queens-ny-11101/293529323284064517/"&gt;https://www.compass.com/building/38-01-35th-ave-queens-ny-11101/293529323284064517/&lt;/a&gt;</text>
              </elementText>
            </elementTextContainer>
          </element>
          <element elementId="51">
            <name>Type</name>
            <description>The nature or genre of the resource</description>
            <elementTextContainer>
              <elementText elementTextId="2055">
                <text>&lt;br /&gt;&lt;br /&gt;&lt;ul&gt;&lt;li&gt;hot yoga&lt;/li&gt;
&lt;li&gt;vinyasa flow&lt;/li&gt;
&lt;li&gt;prenatal&lt;/li&gt;
&lt;li&gt;aerial&lt;/li&gt;
&lt;/ul&gt;</text>
              </elementText>
            </elementTextContainer>
          </element>
          <element elementId="40">
            <name>Date</name>
            <description>A point or period of time associated with an event in the lifecycle of the resource</description>
            <elementTextContainer>
              <elementText elementTextId="2056">
                <text>Date Brand Established: 2003&#13;
Date Location Established:</text>
              </elementText>
            </elementTextContainer>
          </element>
          <element elementId="41">
            <name>Description</name>
            <description>An account of the resource</description>
            <elementTextContainer>
              <elementText elementTextId="2788">
                <text>This is the surviving Yoga Room location.</text>
              </elementText>
            </elementTextContainer>
          </element>
          <element elementId="47">
            <name>Rights</name>
            <description>Information about rights held in and over the resource</description>
            <elementTextContainer>
              <elementText elementTextId="3184">
                <text>For the use of the Iyengar name see:&lt;br /&gt;&lt;br /&gt;IYENGAR, B.K.S., PUNE-411 016, INDIA, FILED 12-12-1997 &lt;br /&gt;&lt;br /&gt;“Trademarks.” Iyengar Yoga Association of the United States, May 5, 2021. &lt;a href="https://iynaus.org/trademarks/"&gt;https://iynaus.org/trademarks/&lt;/a&gt;.</text>
              </elementText>
            </elementTextContainer>
          </element>
          <element elementId="44">
            <name>Language</name>
            <description>A language of the resource</description>
            <elementTextContainer>
              <elementText elementTextId="3185">
                <text>English</text>
              </elementText>
            </elementTextContainer>
          </element>
        </elementContainer>
      </elementSet>
    </elementSetContainer>
    <tagContainer>
      <tag tagId="28">
        <name>Aerial</name>
      </tag>
      <tag tagId="74">
        <name>Chain Location</name>
      </tag>
      <tag tagId="23">
        <name>Hot &amp;  Heated Yoga</name>
      </tag>
      <tag tagId="29">
        <name>Iyengar™️</name>
      </tag>
      <tag tagId="25">
        <name>Pre-Pandemic</name>
      </tag>
      <tag tagId="80">
        <name>Queens Yoga</name>
      </tag>
    </tagContainer>
  </item>
  <item itemId="145" public="1" featured="0">
    <fileContainer>
      <file fileId="870" order="1">
        <src>https://s3.amazonaws.com/omeka-net/70764/archive/files/c4ac3883459ce17e0701e07d73c19e0d.jpeg?AWSAccessKeyId=AKIAI3ATG3OSQLO5HGKA&amp;Expires=1694649600&amp;Signature=47h%2FKpbVGhINODWRUbDe2bpy%2BAI%3D</src>
        <authentication>1b26d891fea3f47c29eef6e4a727a120</authentication>
      </file>
      <file fileId="259" order="2">
        <src>https://s3.amazonaws.com/omeka-net/70764/archive/files/37c264ec7806de87d7ad9ba4cfa6b609.jpg?AWSAccessKeyId=AKIAI3ATG3OSQLO5HGKA&amp;Expires=1694649600&amp;Signature=5PPrxsM7taWrJuzjDYM5VPHdn9w%3D</src>
        <authentication>cee27c591a8c55434bcc0d32125982cc</authentication>
      </file>
      <file fileId="239" order="3">
        <src>https://s3.amazonaws.com/omeka-net/70764/archive/files/dc9eb8c383299326962f706f98ab0080.jpg?AWSAccessKeyId=AKIAI3ATG3OSQLO5HGKA&amp;Expires=1694649600&amp;Signature=tJjURSN4GCiLPu14KBV4DPd%2BfYM%3D</src>
        <authentication>5cdf9feeb081c8327e145e62dcc2edd0</authentication>
      </file>
    </fileContainer>
    <collection collectionId="13">
      <elementSetContainer>
        <elementSet elementSetId="1">
          <name>Dublin Core</name>
          <description>The Dublin Core metadata element set is common to all Omeka records, including items, files, and collections. For more information see, http://dublincore.org/documents/dces/.</description>
          <elementContainer>
            <element elementId="50">
              <name>Title</name>
              <description>A name given to the resource</description>
              <elementTextContainer>
                <elementText elementTextId="48">
                  <text>Queens Yoga</text>
                </elementText>
              </elementTextContainer>
            </element>
            <element elementId="38">
              <name>Coverage</name>
              <description>The spatial or temporal topic of the resource, the spatial applicability of the resource, or the jurisdiction under which the resource is relevant</description>
              <elementTextContainer>
                <elementText elementTextId="49">
                  <text>Queens County</text>
                </elementText>
              </elementTextContainer>
            </element>
          </elementContainer>
        </elementSet>
      </elementSetContainer>
    </collection>
    <itemType itemTypeId="13">
      <name>Interactive Resource</name>
      <description>A resource requiring interaction from the user to be understood, executed, or experienced. Examples include forms on Web pages, applets, multimedia learning objects, chat services, or virtual reality environments.</description>
    </itemType>
    <elementSetContainer>
      <elementSet elementSetId="1">
        <name>Dublin Core</name>
        <description>The Dublin Core metadata element set is common to all Omeka records, including items, files, and collections. For more information see, http://dublincore.org/documents/dces/.</description>
        <elementContainer>
          <element elementId="50">
            <name>Title</name>
            <description>A name given to the resource</description>
            <elementTextContainer>
              <elementText elementTextId="704">
                <text>Yoga Agora</text>
              </elementText>
            </elementTextContainer>
          </element>
          <element elementId="37">
            <name>Contributor</name>
            <description>An entity responsible for making contributions to the resource</description>
            <elementTextContainer>
              <elementText elementTextId="705">
                <text>NYC Yoga Studios Archive</text>
              </elementText>
            </elementTextContainer>
          </element>
          <element elementId="38">
            <name>Coverage</name>
            <description>The spatial or temporal topic of the resource, the spatial applicability of the resource, or the jurisdiction under which the resource is relevant</description>
            <elementTextContainer>
              <elementText elementTextId="706">
                <text>Astoria&#13;
</text>
              </elementText>
            </elementTextContainer>
          </element>
          <element elementId="40">
            <name>Date</name>
            <description>A point or period of time associated with an event in the lifecycle of the resource</description>
            <elementTextContainer>
              <elementText elementTextId="707">
                <text>Date Brand &amp; Location Established: 2010</text>
              </elementText>
            </elementTextContainer>
          </element>
          <element elementId="51">
            <name>Type</name>
            <description>The nature or genre of the resource</description>
            <elementTextContainer>
              <elementText elementTextId="708">
                <text>&lt;ul&gt;&lt;li&gt;Yoga&lt;/li&gt;
&lt;li&gt;Community Class&lt;/li&gt;
&lt;/ul&gt;</text>
              </elementText>
            </elementTextContainer>
          </element>
          <element elementId="43">
            <name>Identifier</name>
            <description>An unambiguous reference to the resource within a given context</description>
            <elementTextContainer>
              <elementText elementTextId="709">
                <text>&lt;a href="https://www.yogaagora.com/"&gt;https://www.yogaagora.com/&lt;/a&gt;</text>
              </elementText>
            </elementTextContainer>
          </element>
          <element elementId="39">
            <name>Creator</name>
            <description>An entity primarily responsible for making the resource</description>
            <elementTextContainer>
              <elementText elementTextId="710">
                <text>Nick Velkov</text>
              </elementText>
            </elementTextContainer>
          </element>
          <element elementId="48">
            <name>Source</name>
            <description>A related resource from which the described resource is derived</description>
            <elementTextContainer>
              <elementText elementTextId="1098">
                <text>&lt;a href="https://www.instagram.com/yoga_agora/"&gt;https://www.instagram.com/yoga_agora/&lt;/a&gt;</text>
              </elementText>
            </elementTextContainer>
          </element>
          <element elementId="42">
            <name>Format</name>
            <description>The file format, physical medium, or dimensions of the resource</description>
            <elementTextContainer>
              <elementText elementTextId="1099">
                <text>&lt;ul&gt;&lt;li&gt;In Person&lt;/li&gt;
&lt;li&gt;Outdoor&lt;/li&gt;
&lt;/ul&gt;</text>
              </elementText>
            </elementTextContainer>
          </element>
          <element elementId="46">
            <name>Relation</name>
            <description>A related resource</description>
            <elementTextContainer>
              <elementText elementTextId="1100">
                <text>&lt;p&gt;Editors, PureWow. “The Best Yoga Studio In 8 Nyc Neighborhoods.” PureWow, May 31, 2017. &lt;a href="https://www.purewow.com/wellness/best-yoga-studios-in-nyc"&gt;https://www.purewow.com/wellness/best-yoga-studios-in-nyc&lt;/a&gt;.&lt;/p&gt;
&lt;p&gt;&lt;a href="https://www.timeout.com/newyork/sports-and-fitness/yoga-agora.%20"&gt;“Yoga Agora: Sports and Fitness in Astoria, New York.” Time Out New York. Accessed January 21, 2023.&lt;/a&gt;&lt;/p&gt;</text>
              </elementText>
            </elementTextContainer>
          </element>
          <element elementId="44">
            <name>Language</name>
            <description>A language of the resource</description>
            <elementTextContainer>
              <elementText elementTextId="1134">
                <text>English</text>
              </elementText>
            </elementTextContainer>
          </element>
          <element elementId="41">
            <name>Description</name>
            <description>An account of the resource</description>
            <elementTextContainer>
              <elementText elementTextId="2723">
                <text>The owner has contributed an interview to this project and ran for city council at one point during the pandemic. Outdoor Classes in Astoria Park. They also own St Marks Yoga.</text>
              </elementText>
            </elementTextContainer>
          </element>
        </elementContainer>
      </elementSet>
    </elementSetContainer>
    <tagContainer>
      <tag tagId="20">
        <name>Community &amp; Donation Based Classes</name>
      </tag>
      <tag tagId="35">
        <name>Outdoor Classes</name>
      </tag>
      <tag tagId="25">
        <name>Pre-Pandemic</name>
      </tag>
      <tag tagId="80">
        <name>Queens Yoga</name>
      </tag>
    </tagContainer>
  </item>
  <item itemId="130" public="1" featured="0">
    <fileContainer>
      <file fileId="904" order="1">
        <src>https://s3.amazonaws.com/omeka-net/70764/archive/files/e209387426937c17a4721f5a480ba824.jpeg?AWSAccessKeyId=AKIAI3ATG3OSQLO5HGKA&amp;Expires=1694649600&amp;Signature=FYO6TwMJIu8eRqnMEoE3pn%2FAzTw%3D</src>
        <authentication>1b26d891fea3f47c29eef6e4a727a120</authentication>
      </file>
      <file fileId="263" order="2">
        <src>https://s3.amazonaws.com/omeka-net/70764/archive/files/9bb9d01f30440a8006c9c0941cf9cf98.png?AWSAccessKeyId=AKIAI3ATG3OSQLO5HGKA&amp;Expires=1694649600&amp;Signature=I6EK1OexUV0mwWWQULgpi0CSDc4%3D</src>
        <authentication>6c8109a4f9a154a234268224949ada7b</authentication>
      </file>
      <file fileId="557" order="3">
        <src>https://s3.amazonaws.com/omeka-net/70764/archive/files/3b4ca794ca4f639eecf7d991b1ec10d4.jpg?AWSAccessKeyId=AKIAI3ATG3OSQLO5HGKA&amp;Expires=1694649600&amp;Signature=PMGPr8cwlfpo7LLaf%2BILP%2BafchA%3D</src>
        <authentication>4385464c2f6c9024b081c517af31b731</authentication>
      </file>
    </fileContainer>
    <collection collectionId="13">
      <elementSetContainer>
        <elementSet elementSetId="1">
          <name>Dublin Core</name>
          <description>The Dublin Core metadata element set is common to all Omeka records, including items, files, and collections. For more information see, http://dublincore.org/documents/dces/.</description>
          <elementContainer>
            <element elementId="50">
              <name>Title</name>
              <description>A name given to the resource</description>
              <elementTextContainer>
                <elementText elementTextId="48">
                  <text>Queens Yoga</text>
                </elementText>
              </elementTextContainer>
            </element>
            <element elementId="38">
              <name>Coverage</name>
              <description>The spatial or temporal topic of the resource, the spatial applicability of the resource, or the jurisdiction under which the resource is relevant</description>
              <elementTextContainer>
                <elementText elementTextId="49">
                  <text>Queens County</text>
                </elementText>
              </elementTextContainer>
            </element>
          </elementContainer>
        </elementSet>
      </elementSetContainer>
    </collection>
    <itemType itemTypeId="13">
      <name>Interactive Resource</name>
      <description>A resource requiring interaction from the user to be understood, executed, or experienced. Examples include forms on Web pages, applets, multimedia learning objects, chat services, or virtual reality environments.</description>
    </itemType>
    <elementSetContainer>
      <elementSet elementSetId="1">
        <name>Dublin Core</name>
        <description>The Dublin Core metadata element set is common to all Omeka records, including items, files, and collections. For more information see, http://dublincore.org/documents/dces/.</description>
        <elementContainer>
          <element elementId="50">
            <name>Title</name>
            <description>A name given to the resource</description>
            <elementTextContainer>
              <elementText elementTextId="590">
                <text>Suryaside</text>
              </elementText>
            </elementTextContainer>
          </element>
          <element elementId="37">
            <name>Contributor</name>
            <description>An entity responsible for making contributions to the resource</description>
            <elementTextContainer>
              <elementText elementTextId="591">
                <text>NYC Yoga Studios Archive</text>
              </elementText>
            </elementTextContainer>
          </element>
          <element elementId="38">
            <name>Coverage</name>
            <description>The spatial or temporal topic of the resource, the spatial applicability of the resource, or the jurisdiction under which the resource is relevant</description>
            <elementTextContainer>
              <elementText elementTextId="592">
                <text>Woodside</text>
              </elementText>
            </elementTextContainer>
          </element>
          <element elementId="42">
            <name>Format</name>
            <description>The file format, physical medium, or dimensions of the resource</description>
            <elementTextContainer>
              <elementText elementTextId="594">
                <text>&lt;ul&gt;&lt;li&gt;In Person Classes&lt;/li&gt;
&lt;li&gt;Live Stream Classes&lt;/li&gt;
&lt;li&gt;Outdoor Classes&lt;/li&gt;
&lt;/ul&gt;</text>
              </elementText>
            </elementTextContainer>
          </element>
          <element elementId="51">
            <name>Type</name>
            <description>The nature or genre of the resource</description>
            <elementTextContainer>
              <elementText elementTextId="595">
                <text>&lt;ul&gt;&lt;li&gt;Vinyasa Flow&lt;/li&gt;
&lt;li&gt;Yin&lt;/li&gt;
&lt;li&gt;Restorative Kids&lt;/li&gt;
&lt;li&gt;Seniors&lt;/li&gt;
&lt;li&gt;Mommy &amp;amp; Me&lt;/li&gt;
&lt;li&gt;Meditation&lt;/li&gt;
&lt;li&gt;I Can Breathe Yoga&lt;/li&gt;
&lt;li&gt;Teacher training &lt;/li&gt;
&lt;/ul&gt;</text>
              </elementText>
            </elementTextContainer>
          </element>
          <element elementId="43">
            <name>Identifier</name>
            <description>An unambiguous reference to the resource within a given context</description>
            <elementTextContainer>
              <elementText elementTextId="596">
                <text>&lt;a href="http://suryasideyoga.com" target="_blank" rel="noreferrer noopener"&gt;http://suryasideyoga.com&lt;/a&gt;</text>
              </elementText>
            </elementTextContainer>
          </element>
          <element elementId="39">
            <name>Creator</name>
            <description>An entity primarily responsible for making the resource</description>
            <elementTextContainer>
              <elementText elementTextId="597">
                <text>&lt;ul&gt;&lt;li&gt;Yuuki and Kana Hirano&lt;/li&gt;
&lt;li&gt;Roque and Sivan Rodriguez&lt;/li&gt;
&lt;/ul&gt;</text>
              </elementText>
            </elementTextContainer>
          </element>
          <element elementId="40">
            <name>Date</name>
            <description>A point or period of time associated with an event in the lifecycle of the resource</description>
            <elementTextContainer>
              <elementText elementTextId="1136">
                <text>Date Brand Established:&#13;
Date Location Established:</text>
              </elementText>
            </elementTextContainer>
          </element>
          <element elementId="48">
            <name>Source</name>
            <description>A related resource from which the described resource is derived</description>
            <elementTextContainer>
              <elementText elementTextId="1137">
                <text>&lt;a href="https://www.instagram.com/Suryaside/"&gt;https://www.instagram.com/Suryaside/&lt;/a&gt;</text>
              </elementText>
            </elementTextContainer>
          </element>
          <element elementId="44">
            <name>Language</name>
            <description>A language of the resource</description>
            <elementTextContainer>
              <elementText elementTextId="1138">
                <text>English</text>
              </elementText>
            </elementTextContainer>
          </element>
          <element elementId="46">
            <name>Relation</name>
            <description>A related resource</description>
            <elementTextContainer>
              <elementText elementTextId="2066">
                <text>49-06 Skillman Ave, Woodside, NY 11377&lt;br /&gt;&lt;a href="https://www.compass.com/building/49-06-skillman-ave-queens-ny-11377/293529315381992421/"&gt;https://www.compass.com/building/49-06-skillman-ave-queens-ny-11377/293529315381992421/&lt;/a&gt;</text>
              </elementText>
            </elementTextContainer>
          </element>
          <element elementId="41">
            <name>Description</name>
            <description>An account of the resource</description>
            <elementTextContainer>
              <elementText elementTextId="2838">
                <text>They share owners with Dou Yoga in Clinton Hill and have been around similar lengths in time.</text>
              </elementText>
            </elementTextContainer>
          </element>
        </elementContainer>
      </elementSet>
    </elementSetContainer>
    <tagContainer>
      <tag tagId="30">
        <name>Asian Owned</name>
      </tag>
      <tag tagId="36">
        <name>Live Stream</name>
      </tag>
      <tag tagId="25">
        <name>Pre-Pandemic</name>
      </tag>
      <tag tagId="80">
        <name>Queens Yoga</name>
      </tag>
      <tag tagId="21">
        <name>Teacher Training</name>
      </tag>
    </tagContainer>
  </item>
  <item itemId="113" public="1" featured="0">
    <fileContainer>
      <file fileId="828" order="1">
        <src>https://s3.amazonaws.com/omeka-net/70764/archive/files/0759c937640291ebf050b29ea7b5619f.jpeg?AWSAccessKeyId=AKIAI3ATG3OSQLO5HGKA&amp;Expires=1694649600&amp;Signature=LNnIs%2FapAkBfW9apVOgqvN1HIX0%3D</src>
        <authentication>1b26d891fea3f47c29eef6e4a727a120</authentication>
      </file>
      <file fileId="586" order="2">
        <src>https://s3.amazonaws.com/omeka-net/70764/archive/files/0c069f7d332f848212ef866b05a60afc.png?AWSAccessKeyId=AKIAI3ATG3OSQLO5HGKA&amp;Expires=1694649600&amp;Signature=AwCmehWShhGMGje4t6OOJbMDGOI%3D</src>
        <authentication>3e690647da743cfb96711b8fbf17a0ad</authentication>
      </file>
    </fileContainer>
    <collection collectionId="13">
      <elementSetContainer>
        <elementSet elementSetId="1">
          <name>Dublin Core</name>
          <description>The Dublin Core metadata element set is common to all Omeka records, including items, files, and collections. For more information see, http://dublincore.org/documents/dces/.</description>
          <elementContainer>
            <element elementId="50">
              <name>Title</name>
              <description>A name given to the resource</description>
              <elementTextContainer>
                <elementText elementTextId="48">
                  <text>Queens Yoga</text>
                </elementText>
              </elementTextContainer>
            </element>
            <element elementId="38">
              <name>Coverage</name>
              <description>The spatial or temporal topic of the resource, the spatial applicability of the resource, or the jurisdiction under which the resource is relevant</description>
              <elementTextContainer>
                <elementText elementTextId="49">
                  <text>Queens County</text>
                </elementText>
              </elementTextContainer>
            </element>
          </elementContainer>
        </elementSet>
      </elementSetContainer>
    </collection>
    <itemType itemTypeId="13">
      <name>Interactive Resource</name>
      <description>A resource requiring interaction from the user to be understood, executed, or experienced. Examples include forms on Web pages, applets, multimedia learning objects, chat services, or virtual reality environments.</description>
    </itemType>
    <elementSetContainer>
      <elementSet elementSetId="1">
        <name>Dublin Core</name>
        <description>The Dublin Core metadata element set is common to all Omeka records, including items, files, and collections. For more information see, http://dublincore.org/documents/dces/.</description>
        <elementContainer>
          <element elementId="50">
            <name>Title</name>
            <description>A name given to the resource</description>
            <elementTextContainer>
              <elementText elementTextId="502">
                <text>Ocean Bliss Yoga</text>
              </elementText>
            </elementTextContainer>
          </element>
          <element elementId="37">
            <name>Contributor</name>
            <description>An entity responsible for making contributions to the resource</description>
            <elementTextContainer>
              <elementText elementTextId="503">
                <text>NYC Yoga Studios Archive</text>
              </elementText>
            </elementTextContainer>
          </element>
          <element elementId="38">
            <name>Coverage</name>
            <description>The spatial or temporal topic of the resource, the spatial applicability of the resource, or the jurisdiction under which the resource is relevant</description>
            <elementTextContainer>
              <elementText elementTextId="504">
                <text>Rockaway&#13;
</text>
              </elementText>
            </elementTextContainer>
          </element>
          <element elementId="39">
            <name>Creator</name>
            <description>An entity primarily responsible for making the resource</description>
            <elementTextContainer>
              <elementText elementTextId="505">
                <text>Jen Kelleher, Previous owner Helen Kilgallen</text>
              </elementText>
            </elementTextContainer>
          </element>
          <element elementId="40">
            <name>Date</name>
            <description>A point or period of time associated with an event in the lifecycle of the resource</description>
            <elementTextContainer>
              <elementText elementTextId="506">
                <text>Date Brand and Location Established: 2009</text>
              </elementText>
            </elementTextContainer>
          </element>
          <element elementId="51">
            <name>Type</name>
            <description>The nature or genre of the resource</description>
            <elementTextContainer>
              <elementText elementTextId="507">
                <text>&lt;ul&gt;&lt;li&gt;Gentle Basic&lt;/li&gt;
&lt;li&gt;Mindful Flow&lt;/li&gt;
&lt;li&gt;Hatha Yoga&lt;/li&gt;
&lt;li&gt;Pilates&lt;/li&gt;
&lt;li&gt;Yin Yoga&lt;/li&gt;
&lt;li&gt;Restorative&lt;/li&gt;
&lt;/ul&gt;</text>
              </elementText>
            </elementTextContainer>
          </element>
          <element elementId="43">
            <name>Identifier</name>
            <description>An unambiguous reference to the resource within a given context</description>
            <elementTextContainer>
              <elementText elementTextId="508">
                <text>&lt;a href="http://www.oceanblissyoga.net"&gt;http://www.oceanblissyoga.net&lt;/a&gt;</text>
              </elementText>
            </elementTextContainer>
          </element>
          <element elementId="48">
            <name>Source</name>
            <description>A related resource from which the described resource is derived</description>
            <elementTextContainer>
              <elementText elementTextId="1148">
                <text>&lt;a href="https://www.instagram.com/ocean_blissyoga/"&gt;https://www.instagram.com/ocean_blissyoga/&lt;/a&gt;</text>
              </elementText>
            </elementTextContainer>
          </element>
          <element elementId="42">
            <name>Format</name>
            <description>The file format, physical medium, or dimensions of the resource</description>
            <elementTextContainer>
              <elementText elementTextId="1149">
                <text>&lt;ul&gt;&lt;li&gt;In Person&lt;/li&gt;
&lt;li&gt;Live Stream&lt;/li&gt;
&lt;/ul&gt;</text>
              </elementText>
            </elementTextContainer>
          </element>
          <element elementId="44">
            <name>Language</name>
            <description>A language of the resource</description>
            <elementTextContainer>
              <elementText elementTextId="1150">
                <text>English&#13;
</text>
              </elementText>
            </elementTextContainer>
          </element>
          <element elementId="41">
            <name>Description</name>
            <description>An account of the resource</description>
            <elementTextContainer>
              <elementText elementTextId="2226">
                <text>Located inside the Bell Harbor Yacht Club. The space is accessed via a 3 story walk up. staircase. The studio overlooks Jamaica Bay and the NYC skyline.</text>
              </elementText>
            </elementTextContainer>
          </element>
        </elementContainer>
      </elementSet>
    </elementSetContainer>
    <tagContainer>
      <tag tagId="41">
        <name>Activism</name>
      </tag>
      <tag tagId="16">
        <name>Female Owned</name>
      </tag>
      <tag tagId="36">
        <name>Live Stream</name>
      </tag>
      <tag tagId="25">
        <name>Pre-Pandemic</name>
      </tag>
      <tag tagId="80">
        <name>Queens Yoga</name>
      </tag>
    </tagContainer>
  </item>
  <item itemId="93" public="1" featured="0">
    <fileContainer>
      <file fileId="952">
        <src>https://s3.amazonaws.com/omeka-net/70764/archive/files/0e130b11c2373ce5d522e5d6fbd7133d.jpeg?AWSAccessKeyId=AKIAI3ATG3OSQLO5HGKA&amp;Expires=1694649600&amp;Signature=igNk9k9eXKn7WyYrCQ4Amwq9Wgs%3D</src>
        <authentication>1b26d891fea3f47c29eef6e4a727a120</authentication>
      </file>
    </fileContainer>
    <collection collectionId="13">
      <elementSetContainer>
        <elementSet elementSetId="1">
          <name>Dublin Core</name>
          <description>The Dublin Core metadata element set is common to all Omeka records, including items, files, and collections. For more information see, http://dublincore.org/documents/dces/.</description>
          <elementContainer>
            <element elementId="50">
              <name>Title</name>
              <description>A name given to the resource</description>
              <elementTextContainer>
                <elementText elementTextId="48">
                  <text>Queens Yoga</text>
                </elementText>
              </elementTextContainer>
            </element>
            <element elementId="38">
              <name>Coverage</name>
              <description>The spatial or temporal topic of the resource, the spatial applicability of the resource, or the jurisdiction under which the resource is relevant</description>
              <elementTextContainer>
                <elementText elementTextId="49">
                  <text>Queens County</text>
                </elementText>
              </elementTextContainer>
            </element>
          </elementContainer>
        </elementSet>
      </elementSetContainer>
    </collection>
    <itemType itemTypeId="13">
      <name>Interactive Resource</name>
      <description>A resource requiring interaction from the user to be understood, executed, or experienced. Examples include forms on Web pages, applets, multimedia learning objects, chat services, or virtual reality environments.</description>
    </itemType>
    <elementSetContainer>
      <elementSet elementSetId="1">
        <name>Dublin Core</name>
        <description>The Dublin Core metadata element set is common to all Omeka records, including items, files, and collections. For more information see, http://dublincore.org/documents/dces/.</description>
        <elementContainer>
          <element elementId="50">
            <name>Title</name>
            <description>A name given to the resource</description>
            <elementTextContainer>
              <elementText elementTextId="374">
                <text>Hot Yoga Rockaway Beach</text>
              </elementText>
            </elementTextContainer>
          </element>
          <element elementId="37">
            <name>Contributor</name>
            <description>An entity responsible for making contributions to the resource</description>
            <elementTextContainer>
              <elementText elementTextId="375">
                <text>NYC Yoga Studios Archive</text>
              </elementText>
            </elementTextContainer>
          </element>
          <element elementId="38">
            <name>Coverage</name>
            <description>The spatial or temporal topic of the resource, the spatial applicability of the resource, or the jurisdiction under which the resource is relevant</description>
            <elementTextContainer>
              <elementText elementTextId="376">
                <text>Rockaway Beach</text>
              </elementText>
            </elementTextContainer>
          </element>
          <element elementId="43">
            <name>Identifier</name>
            <description>An unambiguous reference to the resource within a given context</description>
            <elementTextContainer>
              <elementText elementTextId="377">
                <text>&lt;a href="http://www.hotyogarockawaybeach.com"&gt;http://www.hotyogarockawaybeach.com&lt;/a&gt;</text>
              </elementText>
            </elementTextContainer>
          </element>
          <element elementId="39">
            <name>Creator</name>
            <description>An entity primarily responsible for making the resource</description>
            <elementTextContainer>
              <elementText elementTextId="1859">
                <text>Anita R.</text>
              </elementText>
            </elementTextContainer>
          </element>
          <element elementId="40">
            <name>Date</name>
            <description>A point or period of time associated with an event in the lifecycle of the resource</description>
            <elementTextContainer>
              <elementText elementTextId="1860">
                <text>Date Established: 2010</text>
              </elementText>
            </elementTextContainer>
          </element>
          <element elementId="44">
            <name>Language</name>
            <description>A language of the resource</description>
            <elementTextContainer>
              <elementText elementTextId="1861">
                <text>English</text>
              </elementText>
            </elementTextContainer>
          </element>
          <element elementId="51">
            <name>Type</name>
            <description>The nature or genre of the resource</description>
            <elementTextContainer>
              <elementText elementTextId="1862">
                <text>&lt;ul&gt;&lt;li&gt;Hot 26&lt;/li&gt;
&lt;li&gt;Vinyasa&lt;/li&gt;
&lt;/ul&gt;</text>
              </elementText>
            </elementTextContainer>
          </element>
        </elementContainer>
      </elementSet>
    </elementSetContainer>
    <tagContainer>
      <tag tagId="16">
        <name>Female Owned</name>
      </tag>
      <tag tagId="23">
        <name>Hot &amp;  Heated Yoga</name>
      </tag>
      <tag tagId="25">
        <name>Pre-Pandemic</name>
      </tag>
      <tag tagId="80">
        <name>Queens Yoga</name>
      </tag>
    </tagContainer>
  </item>
  <item itemId="86" public="1" featured="0">
    <fileContainer>
      <file fileId="781" order="1">
        <src>https://s3.amazonaws.com/omeka-net/70764/archive/files/fe255896212a0cd9d5e6c338ef0a6493.jpeg?AWSAccessKeyId=AKIAI3ATG3OSQLO5HGKA&amp;Expires=1694649600&amp;Signature=3g9t9fu2J3TMl3lRcEpa1Xlpb4E%3D</src>
        <authentication>1b26d891fea3f47c29eef6e4a727a120</authentication>
      </file>
      <file fileId="562" order="2">
        <src>https://s3.amazonaws.com/omeka-net/70764/archive/files/c7967948268cb9dc68929820c18422aa.jpg?AWSAccessKeyId=AKIAI3ATG3OSQLO5HGKA&amp;Expires=1694649600&amp;Signature=lE%2BSRDJZExj9puhndRH3dlCBBlw%3D</src>
        <authentication>ad24f58166e172a28a35865d879bb660</authentication>
      </file>
      <file fileId="780" order="3">
        <src>https://s3.amazonaws.com/omeka-net/70764/archive/files/d9d8bc1921ac2bfc02ba8dcb7c998491.pdf?AWSAccessKeyId=AKIAI3ATG3OSQLO5HGKA&amp;Expires=1694649600&amp;Signature=YO2tHPWM%2FhyzGuiekShS9dSkE6Q%3D</src>
        <authentication>0b982d4b85d49437e82e9c3008269e2e</authentication>
        <elementSetContainer>
          <elementSet elementSetId="4">
            <name>PDF Text</name>
            <description/>
            <elementContainer>
              <element elementId="52">
                <name>Text</name>
                <description/>
                <elementTextContainer>
                  <elementText elementTextId="2634">
                    <text>The Wayback Machine - https://web.archive.org/web/20200930061921/https://liccourtsquare.…
About

Amenities
Real Estate

Advertise

Business

Contact

Children

Transportation

Construction

TV/Movie Shoots

Culture

Education

Food

Nightlife

Uncategorized

Yoga studio ‘Form + Flow’
opens at 27-01 41st Avenue
Posted on September 3, 2019 by The Court Square Blog
Leave a comment

Yoga studio Form + Flow will open at 27-01 41st
Avenue today.
During its opening week, Form + Flow will have classes
on weekdays beginning at 6 p.m. and on weekends
beginning at 10 a.m. Weekday early morning and lunch
hour classes will be available starting Sept. 10.
Its main class is called “Signature Form + Flow,” which
focuses on using the mind-body-breath connection to
flow through a physically challenging sequence of
postures.
We last checked in on the retail space when signage
had appeared announcing its vacancy in September,
2018.1
Here’s more about the new yoga studio on its website:

Email address: Your email address
Sign up
Search

Recent Posts
Streetwear Retailer Coming To Long Island
City
New Business Signs Lease at Former LIC
Market Space
Come for the Tacos, Stay (Outside) for the
Cafe + Cocktails!
Safe, In-Studio Classes Available for Kids at
Pure Performing Arts
Beloved Neighborhood Restaurant to Close
Twitter

Flooded with natural light, our studio creates a
serene space to practice yoga. Classes are
vinyasa based, syncing body and breath to
create a moving meditation that strengthens and
stretches your body and mind. Each class
moves through intelligent sequencing from
experienced teachers who work with all levels of
student, from beginner to advanced.
27-01 41st Ave

Tweets by @LICCourtSquare
Blogroll
Curbed
LIC Post
LIC Talk
New York YIMBY
This is LIC
Queens Beans
Queens Courier

�</text>
                  </elementText>
                </elementTextContainer>
              </element>
            </elementContainer>
          </elementSet>
        </elementSetContainer>
      </file>
    </fileContainer>
    <collection collectionId="13">
      <elementSetContainer>
        <elementSet elementSetId="1">
          <name>Dublin Core</name>
          <description>The Dublin Core metadata element set is common to all Omeka records, including items, files, and collections. For more information see, http://dublincore.org/documents/dces/.</description>
          <elementContainer>
            <element elementId="50">
              <name>Title</name>
              <description>A name given to the resource</description>
              <elementTextContainer>
                <elementText elementTextId="48">
                  <text>Queens Yoga</text>
                </elementText>
              </elementTextContainer>
            </element>
            <element elementId="38">
              <name>Coverage</name>
              <description>The spatial or temporal topic of the resource, the spatial applicability of the resource, or the jurisdiction under which the resource is relevant</description>
              <elementTextContainer>
                <elementText elementTextId="49">
                  <text>Queens County</text>
                </elementText>
              </elementTextContainer>
            </element>
          </elementContainer>
        </elementSet>
      </elementSetContainer>
    </collection>
    <itemType itemTypeId="13">
      <name>Interactive Resource</name>
      <description>A resource requiring interaction from the user to be understood, executed, or experienced. Examples include forms on Web pages, applets, multimedia learning objects, chat services, or virtual reality environments.</description>
    </itemType>
    <elementSetContainer>
      <elementSet elementSetId="1">
        <name>Dublin Core</name>
        <description>The Dublin Core metadata element set is common to all Omeka records, including items, files, and collections. For more information see, http://dublincore.org/documents/dces/.</description>
        <elementContainer>
          <element elementId="50">
            <name>Title</name>
            <description>A name given to the resource</description>
            <elementTextContainer>
              <elementText elementTextId="348">
                <text>Form + Flow</text>
              </elementText>
            </elementTextContainer>
          </element>
          <element elementId="37">
            <name>Contributor</name>
            <description>An entity responsible for making contributions to the resource</description>
            <elementTextContainer>
              <elementText elementTextId="349">
                <text>NYC Yoga Studios Archive</text>
              </elementText>
            </elementTextContainer>
          </element>
          <element elementId="38">
            <name>Coverage</name>
            <description>The spatial or temporal topic of the resource, the spatial applicability of the resource, or the jurisdiction under which the resource is relevant</description>
            <elementTextContainer>
              <elementText elementTextId="350">
                <text>Long Island City</text>
              </elementText>
            </elementTextContainer>
          </element>
          <element elementId="43">
            <name>Identifier</name>
            <description>An unambiguous reference to the resource within a given context</description>
            <elementTextContainer>
              <elementText elementTextId="351">
                <text>&lt;a href="http://formandflow.co"&gt;http://formandflow.co&lt;/a&gt;</text>
              </elementText>
            </elementTextContainer>
          </element>
          <element elementId="39">
            <name>Creator</name>
            <description>An entity primarily responsible for making the resource</description>
            <elementTextContainer>
              <elementText elementTextId="2089">
                <text>Shelly Yang</text>
              </elementText>
            </elementTextContainer>
          </element>
          <element elementId="40">
            <name>Date</name>
            <description>A point or period of time associated with an event in the lifecycle of the resource</description>
            <elementTextContainer>
              <elementText elementTextId="2090">
                <text>Date Brand &amp; Location Established: September 2019</text>
              </elementText>
            </elementTextContainer>
          </element>
          <element elementId="48">
            <name>Source</name>
            <description>A related resource from which the described resource is derived</description>
            <elementTextContainer>
              <elementText elementTextId="2091">
                <text>&lt;a href="https://www.instagram.com/form_and_flow/"&gt;https://www.instagram.com/form_and_flow/&lt;/a&gt;</text>
              </elementText>
            </elementTextContainer>
          </element>
          <element elementId="42">
            <name>Format</name>
            <description>The file format, physical medium, or dimensions of the resource</description>
            <elementTextContainer>
              <elementText elementTextId="2092">
                <text>&lt;ul&gt;&lt;li&gt;In Person&lt;/li&gt;
&lt;li&gt;Live Stream&lt;/li&gt;
&lt;li&gt;Hybrid&lt;/li&gt;
&lt;/ul&gt;</text>
              </elementText>
            </elementTextContainer>
          </element>
          <element elementId="46">
            <name>Relation</name>
            <description>A related resource</description>
            <elementTextContainer>
              <elementText elementTextId="2093">
                <text>“Yoga Studio 'Form + Flow' Opens at 27-01 41st Avenue.” &lt;em&gt;The Court Square Blog, &lt;/em&gt;September 3, 2019. &lt;a href="https://liccourtsquare.com/2019/09/03/yoga-studio-form-flow-opens-at-27-01-41st-avenue/"&gt;https://liccourtsquare.com/2019/09/03/yoga-studio-form-flow-opens-at-27-01-41st-avenue/&lt;/a&gt;.&lt;br /&gt;&lt;br /&gt;27-01 41st Ave Queens, NY. &lt;em&gt;Compass.com &lt;/em&gt;&lt;br /&gt;&lt;a href="https://www.compass.com/building/27-01-41st-ave-queens-ny-11101/405232251531989157/"&gt;https://www.compass.com/building/27-01-41st-ave-queens-ny-11101/405232251531989157/&lt;/a&gt;</text>
              </elementText>
            </elementTextContainer>
          </element>
          <element elementId="51">
            <name>Type</name>
            <description>The nature or genre of the resource</description>
            <elementTextContainer>
              <elementText elementTextId="2094">
                <text>&lt;ul&gt;&lt;li&gt;Hatha Yoga&lt;/li&gt;
&lt;li&gt;Signature Form + Flow&lt;/li&gt;
&lt;li&gt;Fit + Flow&lt;/li&gt;
&lt;li&gt;Asana and Meditation&lt;/li&gt;
&lt;/ul&gt;</text>
              </elementText>
            </elementTextContainer>
          </element>
          <element elementId="41">
            <name>Description</name>
            <description>An account of the resource</description>
            <elementTextContainer>
              <elementText elementTextId="2635">
                <text>Shelly's studio has a happy vibe and she has offered a verbal interview for the archive. See her responses to COVID-19 in the relations section or filter by contributors tag. Thank you for your time Shelly!</text>
              </elementText>
            </elementTextContainer>
          </element>
          <element elementId="44">
            <name>Language</name>
            <description>A language of the resource</description>
            <elementTextContainer>
              <elementText elementTextId="2659">
                <text>English</text>
              </elementText>
            </elementTextContainer>
          </element>
        </elementContainer>
      </elementSet>
    </elementSetContainer>
    <tagContainer>
      <tag tagId="30">
        <name>Asian Owned</name>
      </tag>
      <tag tagId="63">
        <name>Bilingual or multilingual</name>
      </tag>
      <tag tagId="16">
        <name>Female Owned</name>
      </tag>
      <tag tagId="36">
        <name>Live Stream</name>
      </tag>
      <tag tagId="25">
        <name>Pre-Pandemic</name>
      </tag>
      <tag tagId="80">
        <name>Queens Yoga</name>
      </tag>
      <tag tagId="45">
        <name>Sound Bath</name>
      </tag>
      <tag tagId="67">
        <name>Yoga Retreats</name>
      </tag>
    </tagContainer>
  </item>
  <item itemId="12" public="1" featured="0">
    <fileContainer>
      <file fileId="936" order="1">
        <src>https://s3.amazonaws.com/omeka-net/70764/archive/files/e8b59a95da630f9b7f3e297973144cc2.jpeg?AWSAccessKeyId=AKIAI3ATG3OSQLO5HGKA&amp;Expires=1694649600&amp;Signature=yfgfr7PD12IHILZMwUUv7aUOiNY%3D</src>
        <authentication>1b26d891fea3f47c29eef6e4a727a120</authentication>
      </file>
      <file fileId="737" order="2">
        <src>https://s3.amazonaws.com/omeka-net/70764/archive/files/3ec615a2493ddbe4a0e73f447b43842b.png?AWSAccessKeyId=AKIAI3ATG3OSQLO5HGKA&amp;Expires=1694649600&amp;Signature=N5F2kcqMtKlDSZmQ3ZINOQpoPSU%3D</src>
        <authentication>272dbf4bc5b0da7c8fe5718e3d4ff0c6</authentication>
      </file>
    </fileContainer>
    <collection collectionId="13">
      <elementSetContainer>
        <elementSet elementSetId="1">
          <name>Dublin Core</name>
          <description>The Dublin Core metadata element set is common to all Omeka records, including items, files, and collections. For more information see, http://dublincore.org/documents/dces/.</description>
          <elementContainer>
            <element elementId="50">
              <name>Title</name>
              <description>A name given to the resource</description>
              <elementTextContainer>
                <elementText elementTextId="48">
                  <text>Queens Yoga</text>
                </elementText>
              </elementTextContainer>
            </element>
            <element elementId="38">
              <name>Coverage</name>
              <description>The spatial or temporal topic of the resource, the spatial applicability of the resource, or the jurisdiction under which the resource is relevant</description>
              <elementTextContainer>
                <elementText elementTextId="49">
                  <text>Queens County</text>
                </elementText>
              </elementTextContainer>
            </element>
          </elementContainer>
        </elementSet>
      </elementSetContainer>
    </collection>
    <itemType itemTypeId="13">
      <name>Interactive Resource</name>
      <description>A resource requiring interaction from the user to be understood, executed, or experienced. Examples include forms on Web pages, applets, multimedia learning objects, chat services, or virtual reality environments.</description>
    </itemType>
    <elementSetContainer>
      <elementSet elementSetId="1">
        <name>Dublin Core</name>
        <description>The Dublin Core metadata element set is common to all Omeka records, including items, files, and collections. For more information see, http://dublincore.org/documents/dces/.</description>
        <elementContainer>
          <element elementId="50">
            <name>Title</name>
            <description>A name given to the resource</description>
            <elementTextContainer>
              <elementText elementTextId="74">
                <text>Atmananda Yoga </text>
              </elementText>
            </elementTextContainer>
          </element>
          <element elementId="38">
            <name>Coverage</name>
            <description>The spatial or temporal topic of the resource, the spatial applicability of the resource, or the jurisdiction under which the resource is relevant</description>
            <elementTextContainer>
              <elementText elementTextId="75">
                <text>Astoria</text>
              </elementText>
            </elementTextContainer>
          </element>
          <element elementId="37">
            <name>Contributor</name>
            <description>An entity responsible for making contributions to the resource</description>
            <elementTextContainer>
              <elementText elementTextId="76">
                <text>NYC Yoga Studios Archive</text>
              </elementText>
            </elementTextContainer>
          </element>
          <element elementId="39">
            <name>Creator</name>
            <description>An entity primarily responsible for making the resource</description>
            <elementTextContainer>
              <elementText elementTextId="816">
                <text>Jhon Tamayo</text>
              </elementText>
            </elementTextContainer>
          </element>
          <element elementId="40">
            <name>Date</name>
            <description>A point or period of time associated with an event in the lifecycle of the resource</description>
            <elementTextContainer>
              <elementText elementTextId="817">
                <text>Date Brand Established: 1994&#13;
Date Location Established: 2020&#13;
Date Location Permanently Closed: </text>
              </elementText>
            </elementTextContainer>
          </element>
          <element elementId="42">
            <name>Format</name>
            <description>The file format, physical medium, or dimensions of the resource</description>
            <elementTextContainer>
              <elementText elementTextId="818">
                <text>&lt;ul&gt;&lt;li&gt;In Person&lt;/li&gt;
&lt;li&gt;Live Stream&lt;/li&gt;
&lt;/ul&gt;</text>
              </elementText>
            </elementTextContainer>
          </element>
          <element elementId="46">
            <name>Relation</name>
            <description>A related resource</description>
            <elementTextContainer>
              <elementText elementTextId="819">
                <text>&lt;p&gt;“NY's Atmananda Yoga Studio Launches Its Patented ‘Alignment’ Yoga Mat for Public Sale.” Newswire, May 27, 2015. &lt;a href="https://www.newswire.com/news/nys-atmananda-yoga-studio-launches-its-patented-alignment-yoga"&gt;https://www.newswire.com/news/nys-atmananda-yoga-studio-launches-its-patented-alignment-yoga&lt;/a&gt;&lt;/p&gt;
&lt;br /&gt;“Steinway Street, Queens, NY 11103.” &lt;em&gt;Compass&lt;/em&gt;.  &lt;a href="https://www.compass.com/listing/32-41-steinway-street-queens-ny-11103/29528294827267905/"&gt;https://www.compass.com/listing/32-41-steinway-street-queens-ny-11103/29528294827267905/&lt;/a&gt;.</text>
              </elementText>
            </elementTextContainer>
          </element>
          <element elementId="51">
            <name>Type</name>
            <description>The nature or genre of the resource</description>
            <elementTextContainer>
              <elementText elementTextId="820">
                <text>&lt;ul&gt;&lt;li&gt;Morning Atmananda Open&lt;/li&gt;
&lt;li&gt;Flow Yoga&lt;/li&gt;
&lt;li&gt;Vinyasa Flow&lt;/li&gt;
&lt;li&gt;Stretching, Breathing &amp;amp; Relaxation&lt;/li&gt;
&lt;li&gt;Evening Flow&lt;/li&gt;
&lt;li&gt;Yoga Kids&lt;/li&gt;
&lt;li&gt;Hip Opening and Stretching&lt;/li&gt;
&lt;/ul&gt;</text>
              </elementText>
            </elementTextContainer>
          </element>
          <element elementId="43">
            <name>Identifier</name>
            <description>An unambiguous reference to the resource within a given context</description>
            <elementTextContainer>
              <elementText elementTextId="821">
                <text>&lt;a href="http://atmananda.com"&gt;http://atmananda.com&lt;/a&gt;</text>
              </elementText>
            </elementTextContainer>
          </element>
          <element elementId="41">
            <name>Description</name>
            <description>An account of the resource</description>
            <elementTextContainer>
              <elementText elementTextId="1745">
                <text>This is the new location that Atmananda transferred to from their Flatiron location.</text>
              </elementText>
            </elementTextContainer>
          </element>
          <element elementId="48">
            <name>Source</name>
            <description>A related resource from which the described resource is derived</description>
            <elementTextContainer>
              <elementText elementTextId="2235">
                <text>&lt;a href="https://www.instagram.com/atmanandayoganyc/"&gt;https://www.instagram.com/atmanandayoganyc/&lt;/a&gt;</text>
              </elementText>
            </elementTextContainer>
          </element>
          <element elementId="44">
            <name>Language</name>
            <description>A language of the resource</description>
            <elementTextContainer>
              <elementText elementTextId="2236">
                <text>&lt;ul&gt;&lt;li&gt;English&lt;/li&gt;
&lt;li&gt;Spanish&lt;/li&gt;
&lt;/ul&gt;</text>
              </elementText>
            </elementTextContainer>
          </element>
          <element elementId="47">
            <name>Rights</name>
            <description>Information about rights held in and over the resource</description>
            <elementTextContainer>
              <elementText elementTextId="3194">
                <text>The use of the Atmananda yoga sequence might be limited.</text>
              </elementText>
            </elementTextContainer>
          </element>
        </elementContainer>
      </elementSet>
    </elementSetContainer>
    <tagContainer>
      <tag tagId="63">
        <name>Bilingual or multilingual</name>
      </tag>
      <tag tagId="47">
        <name>Breath Work</name>
      </tag>
      <tag tagId="20">
        <name>Community &amp; Donation Based Classes</name>
      </tag>
      <tag tagId="48">
        <name>Kids Yoga</name>
      </tag>
      <tag tagId="55">
        <name>Latinx Owned</name>
      </tag>
      <tag tagId="36">
        <name>Live Stream</name>
      </tag>
      <tag tagId="58">
        <name>New Location</name>
      </tag>
      <tag tagId="33">
        <name>Post-Pandemic</name>
      </tag>
      <tag tagId="38">
        <name>Product</name>
      </tag>
      <tag tagId="80">
        <name>Queens Yoga</name>
      </tag>
      <tag tagId="21">
        <name>Teacher Training</name>
      </tag>
    </tagContainer>
  </item>
</itemContainer>
