<?xml version="1.0" encoding="UTF-8"?>
<itemContainer xmlns="http://omeka.org/schemas/omeka-xml/v5" xmlns:xsi="http://www.w3.org/2001/XMLSchema-instance" xsi:schemaLocation="http://omeka.org/schemas/omeka-xml/v5 http://omeka.org/schemas/omeka-xml/v5/omeka-xml-5-0.xsd" uri="https://nycyogastudiosarchive.omeka.net/admin/items/browse?collection=14&amp;output=omeka-xml" accessDate="2023-09-06T11:07:51-04:00">
  <miscellaneousContainer>
    <pagination>
      <pageNumber>1</pageNumber>
      <perPage>50</perPage>
      <totalResults>1</totalResults>
    </pagination>
  </miscellaneousContainer>
  <item itemId="271" public="1" featured="0">
    <fileContainer>
      <file fileId="774" order="1">
        <src>https://s3.amazonaws.com/omeka-net/70764/archive/files/40d1ea3d31038d56c9f8b57b38539925.jpeg?AWSAccessKeyId=AKIAI3ATG3OSQLO5HGKA&amp;Expires=1694649600&amp;Signature=4CNJcsdkCVPE%2BzsOCrp23fgl2OU%3D</src>
        <authentication>1b26d891fea3f47c29eef6e4a727a120</authentication>
      </file>
      <file fileId="770" order="2">
        <src>https://s3.amazonaws.com/omeka-net/70764/archive/files/4a240a340c2f0cc20909b3bf8555500a.jpg?AWSAccessKeyId=AKIAI3ATG3OSQLO5HGKA&amp;Expires=1694649600&amp;Signature=qrJzbfvdRulqwAjC83gvwpy8Pwo%3D</src>
        <authentication>afabcad5bd888250af5e42be46f0002d</authentication>
      </file>
      <file fileId="773" order="3">
        <src>https://s3.amazonaws.com/omeka-net/70764/archive/files/8a472704e1446df30b91527eeb729be9.jpg?AWSAccessKeyId=AKIAI3ATG3OSQLO5HGKA&amp;Expires=1694649600&amp;Signature=%2BqLj%2B1FBIbisdH%2FcCE9XW8gDWcg%3D</src>
        <authentication>5420ac27452733fc7f54b5609e653b68</authentication>
      </file>
    </fileContainer>
    <collection collectionId="14">
      <elementSetContainer>
        <elementSet elementSetId="1">
          <name>Dublin Core</name>
          <description>The Dublin Core metadata element set is common to all Omeka records, including items, files, and collections. For more information see, http://dublincore.org/documents/dces/.</description>
          <elementContainer>
            <element elementId="50">
              <name>Title</name>
              <description>A name given to the resource</description>
              <elementTextContainer>
                <elementText elementTextId="50">
                  <text>Staten Island Yoga</text>
                </elementText>
              </elementTextContainer>
            </element>
            <element elementId="38">
              <name>Coverage</name>
              <description>The spatial or temporal topic of the resource, the spatial applicability of the resource, or the jurisdiction under which the resource is relevant</description>
              <elementTextContainer>
                <elementText elementTextId="51">
                  <text>Staten Island County</text>
                </elementText>
              </elementTextContainer>
            </element>
          </elementContainer>
        </elementSet>
      </elementSetContainer>
    </collection>
    <elementSetContainer>
      <elementSet elementSetId="1">
        <name>Dublin Core</name>
        <description>The Dublin Core metadata element set is common to all Omeka records, including items, files, and collections. For more information see, http://dublincore.org/documents/dces/.</description>
        <elementContainer>
          <element elementId="50">
            <name>Title</name>
            <description>A name given to the resource</description>
            <elementTextContainer>
              <elementText elementTextId="2464">
                <text>Be Yoga Dance (Staten Island)</text>
              </elementText>
            </elementTextContainer>
          </element>
          <element elementId="37">
            <name>Contributor</name>
            <description>An entity responsible for making contributions to the resource</description>
            <elementTextContainer>
              <elementText elementTextId="2465">
                <text>NYC Yoga Studios Archive</text>
              </elementText>
            </elementTextContainer>
          </element>
          <element elementId="40">
            <name>Date</name>
            <description>A point or period of time associated with an event in the lifecycle of the resource</description>
            <elementTextContainer>
              <elementText elementTextId="2466">
                <text>Date Established: January 2016</text>
              </elementText>
            </elementTextContainer>
          </element>
          <element elementId="43">
            <name>Identifier</name>
            <description>An unambiguous reference to the resource within a given context</description>
            <elementTextContainer>
              <elementText elementTextId="2467">
                <text>&lt;a href="https://www.beyogadance.net/"&gt;https://www.beyogadance.net/&lt;/a&gt;</text>
              </elementText>
            </elementTextContainer>
          </element>
          <element elementId="38">
            <name>Coverage</name>
            <description>The spatial or temporal topic of the resource, the spatial applicability of the resource, or the jurisdiction under which the resource is relevant</description>
            <elementTextContainer>
              <elementText elementTextId="2578">
                <text>Rosebank</text>
              </elementText>
            </elementTextContainer>
          </element>
          <element elementId="42">
            <name>Format</name>
            <description>The file format, physical medium, or dimensions of the resource</description>
            <elementTextContainer>
              <elementText elementTextId="2579">
                <text>&lt;ul&gt;&lt;li&gt;In Person&lt;/li&gt;
&lt;li&gt;Live Stream&lt;/li&gt;
&lt;li&gt;Outdoor&lt;/li&gt;
&lt;/ul&gt;</text>
              </elementText>
            </elementTextContainer>
          </element>
          <element elementId="48">
            <name>Source</name>
            <description>A related resource from which the described resource is derived</description>
            <elementTextContainer>
              <elementText elementTextId="2617">
                <text>&lt;p&gt;&lt;a href="https://www.instagram.com/beyogasi/"&gt;&lt;span style="color:#000000;font-family:Arial;font-size:small;"&gt;https://www.instagram.com/beyogasi/&lt;/span&gt;&lt;/a&gt;&lt;/p&gt;</text>
              </elementText>
            </elementTextContainer>
          </element>
          <element elementId="41">
            <name>Description</name>
            <description>An account of the resource</description>
            <elementTextContainer>
              <elementText elementTextId="2620">
                <text>This Staten Island based studio holds classes in their 2 studios (1 is in BK), outdoors at the Westervelt community garden,  online via live stream and at the Alice Austin Museum.</text>
              </elementText>
            </elementTextContainer>
          </element>
          <element elementId="39">
            <name>Creator</name>
            <description>An entity primarily responsible for making the resource</description>
            <elementTextContainer>
              <elementText elementTextId="2621">
                <text>Larissa Schiano-Gonzalez</text>
              </elementText>
            </elementTextContainer>
          </element>
          <element elementId="47">
            <name>Rights</name>
            <description>Information about rights held in and over the resource</description>
            <elementTextContainer>
              <elementText elementTextId="2622">
                <text>porpora@siadvance.com, Tracey Porpora |. “Be Yoga &amp;amp; Dance Studio Owner Makes Movement Count.” silive, January 28, 2016. &lt;a href="https://www.silive.com/eastshore/2016/01/longtime_dancer_and_yoga_instr.html"&gt;https://www.silive.com/eastshore/2016/01/longtime_dancer_and_yoga_instr.html&lt;/a&gt;.&lt;br /&gt;&lt;br /&gt;"1270 Bay St Staten Island, NY 10305." Compass.com&lt;br /&gt;&lt;a href="https://www.compass.com/building/1270-bay-st-staten-island-ny-10305/293529451193484757/"&gt;https://www.compass.com/building/1270-bay-st-staten-island-ny-10305/293529451193484757/&lt;/a&gt;</text>
              </elementText>
            </elementTextContainer>
          </element>
          <element elementId="51">
            <name>Type</name>
            <description>The nature or genre of the resource</description>
            <elementTextContainer>
              <elementText elementTextId="2623">
                <text>&lt;ul&gt;&lt;li&gt;&lt;span style="color:#000000;font-family:Arial;font-size:small;"&gt;All levels flow&lt;/span&gt;&lt;/li&gt;
&lt;li&gt;&lt;span style="color:#000000;font-family:Arial;font-size:small;"&gt;All levels gentle flow&lt;/span&gt;&lt;/li&gt;
&lt;li&gt;&lt;span style="color:#000000;font-family:Arial;font-size:small;"&gt;community &lt;/span&gt;&lt;/li&gt;
&lt;li&gt;&lt;span style="color:#000000;font-family:Arial;font-size:small;"&gt;Beginner Yoga&lt;/span&gt;&lt;/li&gt;
&lt;li&gt;&lt;span style="color:#000000;font-family:Arial;font-size:small;"&gt;Teacher Training&lt;/span&gt;&lt;/li&gt;
&lt;/ul&gt;</text>
              </elementText>
            </elementTextContainer>
          </element>
        </elementContainer>
      </elementSet>
    </elementSetContainer>
    <tagContainer>
      <tag tagId="16">
        <name>Female Owned</name>
      </tag>
      <tag tagId="36">
        <name>Live Stream</name>
      </tag>
      <tag tagId="35">
        <name>Outdoor Classes</name>
      </tag>
      <tag tagId="25">
        <name>Pre-Pandemic</name>
      </tag>
      <tag tagId="21">
        <name>Teacher Training</name>
      </tag>
    </tagContainer>
  </item>
</itemContainer>
